date,country,pmi_level,pmi_diff_3m,pmi_3m_avg,cpi_level,cpi_mom_pct_change,cpi_yoy,cpi_3m_avg,core_cpi_level,core_cpi_mom_pct_change,core_cpi_yoy,core_cpi_3m_avg,unrate_level,unrate_diff_3m,unrate_3m_avg,policy_rate_level,policy_rate_diff_3m,policy_rate_3m_avg,yield_10y_level,yield_10y_diff_3m,yield_10y_3m_avg,m2_level,m2_mom_pct_change,m2_yoy,m2_3m_avg,m3_level,m3_mom_pct_change,m3_yoy,m3_3m_avg,industrial_production_level,industrial_production_yoy,industrial_production_days_stale,m2_days_stale,m3_days_stale,core_cpi_days_stale,unrate_days_stale,sentiment_level,sentiment_diff_3m,sentiment_3m_avg,sentiment_days_stale,fedfunds_level,fedfunds_diff_3m,fedfunds_3m_avg,gs10_level,gs10_diff_3m,gs10_3m_avg
1990-03-01,china,,,,,,,,,,,,,,,,,,,,,,,,,,,,,5.0,5.0,0,,,,,,,,,,,,,,
1990-04-01,china,,,,,,,,,,,,,,,,,,,,,,,,,,,,,0.8,0.8,0,,,,,,,,,,,,,,
1990-05-01,china,,,,,,,,,,,,,,,,,,,,,,,,,,,,,1.7,1.7,0,,,,,,,,,,,,,,
1990-06-01,china,,,,,,,,,,,,,,,,,,,,,,,,,,,,,3.3,3.3,0,,,,,,,,,,,,,,
1990-07-01,china,,,,,,,,,,,,,,,,,,,,,,,,,,,,,5.0,5.0,0,,,,,,,,,,,,,,
1990-08-01,china,,,,,,,,,,,,,,,,,,,,,,,,,,,,,2.5,2.5,0,,,,,,,,,,,,,,
1990-09-01,china,,,,,,,,,,,,,,,,,,,,,,,,,,,,,4.2,4.2,0,,,,,,,,,,,,,,
1990-10-01,china,,,,,,,,,,,,,,,,,,,,,,,,,,,,,6.7,6.7,0,,,,,,,,,,,,,,
1990-11-01,china,,,,,,,,,,,,,,,,,,,,,,,,,,,,,10.9,10.9,0,,,,,,,,,,,,,,
1990-12-01,china,,,,,,,,,,,,,,,,,,,,,,,,,,,,,12.6,12.6,0,,,,,,,,,,,,,,
1991-01-01,china,,,,,,,,,,,,,,,,,,,,,,,,,,,,,12.6,12.6,0,,,,,,,,,,,,,,
1991-02-01,china,,,,,,,,,,,,,,,,,,,,,,,,,,,,,23.5,23.5,0,,,,,,,,,,,,,,
1991-03-01,china,,,,,,,,,,,,,,,,,,,,,,,,,,,,,9.2,9.2,0,,,,,,,,,,,,,,
1991-04-01,china,,,,,,,,,,,,,,,,,,,,,,,,,,,,,10.9,10.9,0,,,,,,,,,,,,,,
1991-05-01,china,,,,,,,,,,,,,,,,,,,,,,,,,,,,,10.9,10.9,0,,,,,,,,,,,,,,
1991-06-01,china,,,,,,,,,,,,,,,,,,,,,,,,,,,,,10.9,10.9,0,,,,,,,,,,,,,,
1991-07-01,china,,,,,,,,,,,,,,,,,,,,,,,,,,,,,9.2,9.2,0,,,,,,,,,,,,,,
1991-08-01,china,,,,,,,,,,,,,,,,,,,,,,,,,,,,,10.9,10.9,0,,,,,,,,,,,,,,
1991-09-01,china,,,,,,,,,,,,,,,,,,,,,,,,,,,,,11.8,11.8,0,,,,,,,,,,,,,,
1991-10-01,china,,,,,,,,,,,,,,,,,,,,,,,,,,,,,12.6,12.6,0,,,,,,,,,,,,,,
1991-11-01,china,,,,,,,,,,,,,,,,,,,,,,,,,,,,,11.8,11.8,0,,,,,,,,,,,,,,
1991-12-01,china,,,,,,,,,,,,,,,,,,,,,,,,,,,,,7.6,7.6,0,,,,,,,,,,,,,,
1992-01-01,china,,,,,,,,,,,,,,,,,,,,,,,,,,,,,5.0,5.0,0,,,,,,,,,,,,,,
1992-02-01,china,,,,,,,,,,,,,,,,,,,,,,,,,,,,,10.9,10.9,0,,,,,,,,,,,,,,
1992-03-01,china,,,,,,,,,,,,,,,,,,,,,,,,,,,,,18.5,18.5,0,,,,,,,,,,,,,,
1992-04-01,china,,,,,,,,,,,,,,,,,,,,,,,,,,,,,16.8,16.8,0,,,,,,,,,,,,,,
1992-05-01,china,,,,,,,,,,,,,,,,,,,,,,,,,,,,,15.1,15.1,0,,,,,,,,,,,,,,
1992-06-01,china,,,,,,,,,,,,,,,,,,,,,,,,,,,,,14.3,14.3,0,,,,,,,,,,,,,,
1992-07-01,china,,,,,,,,,,,,,,,,,,,,,,,,,,,,,16.8,16.8,0,,,,,,,,,,,,,,
1992-08-01,china,,,,,,,,,,,,,,,,,,,,,,,,,,,,,19.3,19.3,0,,,,,,,,,,,,,,
1992-09-01,china,,,,,,,,,,,,,,,,,,,,,,,,,,,,,17.6,17.6,0,,,,,,,,,,,,,,
1992-10-01,china,,,,,,,,,,,,,,,,,,,,,,,,,,,,,17.6,17.6,0,,,,,,,,,,,,,,
1992-11-01,china,,,,,,,,,,,,,,,,,,,,,,,,,,,,,18.5,18.5,0,,,,,,,,,,,,,,
1992-12-01,china,,,,,,,,,,,,,,,,,,,,,,,,,,,,,21.8,21.8,0,,,,,,,,,,,,,,
1993-01-01,china,,,,,,,,,,,,,,,,,,,,,,,,,,,,,26.9,26.9,0,,,,,,,,,,,,,,
1993-02-01,china,,,,,,,,,,,,,,,,,,,,,,,,,,,,,8.4,8.4,0,,,,,,,,,,,,,,
1993-03-01,china,,,,,,,,,,,,,,,,,,,,,,,,,,,,,27.7,27.7,0,,,,,,,,,,,,,,
1993-04-01,china,,,,,,,,,,,,,,,,,,,,,,,,,,,,,21.8,21.8,0,,,,,,,,,,,,,,
1993-05-01,china,,,,,,,,,,,,,,,,,,,,,,,,,,,,,21.0,21.0,0,,,,,,,,,,,,,,
1993-06-01,china,,,,,,,,,,,,,,,,,,,,,,,,,,,,,22.7,22.7,0,,,,,,,,,,,,,,
1993-07-01,china,,,,,,,,,,,,,,,,,,,,,,,,,,,,,25.2,25.2,0,,,,,,,,,,,,,,
1993-08-01,china,,,,,,,,,,,,,,,,,,,,,,,,,,,,,21.0,21.0,0,,,,,,,,,,,,,,
1993-09-01,china,,,,,,,,,,,,,,,,,,,,,,,,,,,,,19.3,19.3,0,,,,,,,,,,,,,,
1993-10-01,china,,,,,,,,,,,,,,,,,,,,,,,,,,,,,16.0,16.0,0,,,,,,,,,,,,,,
1993-11-01,china,,,,,,,,,,,,,,,,,,,,,,,,,,,,,13.4,13.4,0,,,,,,,,,,,,,,
1993-12-01,china,,,,,,,,,,,,,,,,,,,,,,,,,,,,,16.0,16.0,0,,,,,,,,,,,,,,
1994-01-01,china,,,,,,,,,,,,,,,,,,,,,,,,,,,,,25.2,25.2,0,,,,,,,,,,,,,,
1994-02-01,china,,,,,,,,,,,,,,,,,,,,,,,,,,,,,27.7,27.7,0,,,,,,,,,,,,,,
1994-03-01,china,,,,,,,,,,,,,,,,,,,,,,,,,,,,,3.4,3.4,0,,,,,,,,,,,,,,
1994-04-01,china,,,,,,,,,,,,,,,,,,,,,,,,,,,,,16.0,16.0,0,,,,,,,,,,,,,,
1994-05-01,china,,,,,,,,,,,,,,,,,,,,,,,,,,,,,16.8,16.8,0,,,,,,,,,,,,,,
1994-06-01,china,,,,,,,,,,,,,,,,,,,,,,,,,,,,,17.6,17.6,0,,,,,,,,,,,,,,
1994-07-01,china,,,,,,,,,,,,,,,,,,,,,,,,,,,,,15.1,15.1,0,,,,,,,,,,,,,,
1994-08-01,china,,,,,,,,,,,,,,,,,,,,,,,,,,,,,15.1,15.1,0,,,,,,,,,,,,,,
1994-09-01,china,,,,,,,,,,,,,,,,,,,,,,,,,,,,,29.4,29.4,0,,,,,,,,,,,,,,
1994-10-01,china,,,,,,,,,,,,,,,,,,,,,,,,,,,,,21.8,21.8,0,,,,,,,,,,,,,,
1994-11-01,china,,,,,,,,,,,,,,,,,,,,,,,,,,,,,24.4,24.4,0,,,,,,,,,,,,,,
1994-12-01,china,,,,,,,,,,,,,,,,,,,,,,,,,,,,,23.5,23.5,0,,,,,,,,,,,,,,
1995-01-01,china,,,,,,,,,,,,,,,,,,,,,,,,,,,,,18.5,18.5,0,,,,,,,,,,,,,,
1995-02-01,china,,,,,,,,,,,,,,,,,,,,,,,,,,,,,11.4,11.4,0,,,,,,,,,,,,,,
1995-03-01,china,,,,,,,,,,,,,,,,,,,,,,,,,,,,,15.5,15.5,0,,,,,,,,,,,,,,
1995-04-01,china,,,,,,,,,,,,,,,,,,,,,,,,,,,,,16.4,16.4,0,,,,,,,,,,,,,,
1995-05-01,china,,,,,,,,,,,,,,,,,,,,,,,,,,,,,15.4,15.4,0,,,,,,,,,,,,,,
1995-06-01,china,,,,,,,,,,,,,,,,,,,,,,,,,,,,,13.1,13.1,0,,,,,,,,,,,,,,
1995-07-01,china,,,,,,,,,,,,,,,,,,,,,,,,,,,,,13.9,13.9,0,,,,,,,,,,,,,,
1995-08-01,china,,,,,,,,,,,,,,,,,,,,,,,,,,,,,13.6,13.6,0,,,,,,,,,,,,,,
1995-09-01,china,,,,,,,,,,,,,,,,,,,,,,,,,,,,,11.8,11.8,0,,,,,,,,,,,,,,
1995-10-01,china,,,,,,,,,,,,,,,,,,,,,,,,,,,,,11.4,11.4,0,,,,,,,,,,,,,,
1995-11-01,china,,,,,,,,,,,,,,,,,,,,,,,,,,,,,12.9,12.9,0,,,,,,,,,,,,,,
1995-12-01,china,,,,,,,,,,,,,,,,,,,,,,,,,,,,,12.1,12.1,0,,,,,,,,,,,,,,
1996-01-01,china,,,,,,,,,,,,,,,,,,,,,,,,,,,,,14.9,14.9,0,,,,,,,,,,,,,,
1996-02-01,china,,,,,,,,,,,,,,,,,,,,,,,,,,,,,16.9,16.9,0,,,,,,,,,,,,,,
1996-03-01,china,,,,,,,,,,,,,,,,,,,,,,,,,,,,,12.2,12.2,0,,,,,,,,,,,,,,
1996-04-01,china,,,,,,,,,,,,,,,,,,,,,,,,,,,,,12.2,12.2,0,,,,,,,,,,,,,,
1996-05-01,china,,,,,,,,,,,,,,,,,,,,,,,,,,,,,13.7,13.7,0,,,,,,,,,,,,,,
1996-06-01,china,,,,,,,,,,,,,,,,,,,,,,,,,,,,,13.1,13.1,0,,,,,,,,,,,,,,
1996-07-01,china,,,,,,,,,,,,,,,,,,,,,,,,,,,,,13.8,13.8,0,,,,,,,,,,,,,,
1996-08-01,china,,,,,,,,,,,,,,,,,,,,,,,,,,,,,12.2,12.2,0,,,,,,,,,,,,,,
1996-09-01,china,,,,,,,,,,,,,,,,,,,,,,,,,,,,,10.6,10.6,0,,,,,,,,,,,,,,
1996-10-01,china,,,,,,,,,,,,,,,,,,,,,,,,,,,,,13.7,13.7,0,,,,,,,,,,,,,,
1996-11-01,china,,,,,,,,,,,,,,,,,,,,,,,,,,,,,13.3,13.3,0,,,,,,,,,,,,,,
1996-12-01,china,,,,,,,,,,,,,,,,,,,,,,,,,,,,,13.4,13.4,0,,,,,,,,,,,,,,
1997-01-01,china,,,,,,,,,,,,,,,,,,,,,,,,,,,,,14.0,14.0,0,,,,,,,,,,,,,,
1997-02-01,china,,,,,,,,,,,,,,,,,,,,,,,,,,,,,10.3,10.3,0,,,,,,,,,,,,,,
1997-03-01,china,,,,,,,,,,,,,,,,,,,,,,,,,,,,,10.4,10.4,0,,,,,,,,,,,,,,
1997-04-01,china,,,,,,,,,,,,,,,,,,,,,,,,,,,,,13.5,13.5,0,,,,,,,,,,,,,,
1997-05-01,china,,,,,,,,,,,,,,,,,,,,,,,,,,,,,11.9,11.9,0,,,,,,,,,,,,,,
1997-06-01,china,,,,,,,,,,,,,,,,,,,,,,,,,,,,,11.9,11.9,0,,,,,,,,,,,,,,
1997-07-01,china,,,,,,,,,,,,,,,,,,,,,,,,,,,,,12.1,12.1,0,,,,,,,,,,,,,,
1997-08-01,china,,,,,,,,,,,,,,,,,,,,,,,,,,,,,8.4,8.4,0,,,,,,,,,,,,,,
1997-09-01,china,,,,,,,,,,,,,,,,,,,,,,,,,,,,,10.9,10.9,0,,,,,,,,,,,,,,
1997-10-01,china,,,,,,,,,,,,,,,,,,,,,,,,,,,,,11.1,11.1,0,,,,,,,,,,,,,,
1997-11-01,china,,,,,,,,,,,,,,,,,,,,,,,,,,,,,11.8,11.8,0,,,,,,,,,,,,,,
1997-12-01,china,,,,,,,,,,,,,,,,,,,,,,,,,,,,,11.6,11.6,0,,,,,,,,,,,,,,
1998-01-01,china,,,,,,,,,,,,,,,,,,,,,,,,,,,,,9.2,9.2,0,,,,,,,,,,,,,,
1998-02-01,china,,,,,,,,,,,,,,,,,,,,,17.4,,17.4,,,,,,1.8,1.8,0,0.0,,,,,,,,,,,,,
1998-03-01,china,,,,,,,,,,,,,,,,,,,,,16.7,,16.7,,,,,,9.5,9.5,0,0.0,,,,,,,,,,,,,
1998-04-01,china,,,,,,,,,,,,,,,,,,,,,15.4,,15.4,16.5,,,,,9.0,9.0,0,0.0,,,,,,,,,,,,,
1998-05-01,china,,,,,,,,,,,,,,,,,,,,,14.6,,14.6,15.566666666666668,,,,,7.2,7.2,0,0.0,,,,,,,,,,,,,
1998-06-01,china,,,,,,,,,,,,,,,,,,,,,15.5,,15.5,15.166666666666666,,,,,8.0,8.0,0,0.0,,,,,,,,,,,,,
1998-07-01,china,,,,,,,,,,,,,,,,,,,,,14.6,,14.6,14.9,,,,,7.9,7.9,0,0.0,,,,,,,,,,,,,
1998-08-01,china,,,,,,,,,,,,,,,,,,,,,15.5,,15.5,15.200000000000001,,,,,7.6,7.6,0,0.0,,,,,,,,,,,,,
1998-09-01,china,,,,,,,,,,,,,,,,,,,,,15.0,,15.0,15.033333333333333,,,,,7.9,7.9,0,0.0,,,,,,,,,,,,,
1998-10-01,china,,,,,,,,,,,,,,,,,,,,,16.0,,16.0,15.5,,,,,10.2,10.2,0,0.0,,,,,,,,,,,,,
1998-11-01,china,,,,,,,,,,,,,,,,,,,,,16.3,,16.3,15.766666666666666,,,,,10.6,10.6,0,0.0,,,,,,,,,,,,,
1998-12-01,china,,,,,,,,,,,,,,,,,,,,,16.7,,16.7,16.333333333333332,,,,,11.0,11.0,0,0.0,,,,,,,,,,,,,
1999-01-01,china,,,,,,,,,,,,,,,,,,,,,14.8,,14.8,15.933333333333332,,,,,11.5,11.5,0,0.0,,,,,,,,,,,,,
1999-02-01,china,,,,,,,,,,,,,,,,,,,,,14.4,,14.4,15.299999999999999,,,,,17.9,17.9,0,0.0,,,,,,,,,,,,,
1999-03-01,china,,,,,,,,,,,,,,,,,,,,,17.1,,17.1,15.433333333333332,,,,,2.1,2.1,0,0.0,,,,,,,,,,,,,
1999-04-01,china,,,,,,,,,,,,,,,,,,,,,17.8,,17.8,16.433333333333334,,,,,9.0,9.0,0,0.0,,,,,,,,,,,,,
1999-05-01,china,,,,,,,,,,,,,,,,,,,,,17.9,,17.9,17.599999999999998,,,,,9.1,9.1,0,0.0,,,,,,,,,,,,,
1999-06-01,china,,,,,,,,,,,,,,,,,,,,,17.2,,17.2,17.633333333333333,,,,,8.9,8.9,0,0.0,,,,,,,,,,,,,
1999-07-01,china,,,,,,,,,,,,,,,,,,,,,17.7,,17.7,17.599999999999998,,,,,9.1,9.1,0,0.0,,,,,,,,,,,,,
1999-08-01,china,,,,,,,,,,,,,,,,,,,,,15.7,,15.7,16.866666666666667,,,,,9.3,9.3,0,0.0,,,,,,,,,,,,,
1999-09-01,china,,,,,,,,,,,,,,,,,,,,,16.0,,16.0,16.466666666666665,,,,,9.5,9.5,0,0.0,,,,,,,,,,,,,
1999-10-01,china,,,,,,,,,,,,,,,,,,,,,15.3,,15.3,15.666666666666666,,,,,8.2,8.2,0,0.0,,,,,,,,,,,,,
1999-11-01,china,,,,,,,,,,,,,,,,,,,,,14.5,,14.5,15.266666666666666,,,,,7.0,7.0,0,0.0,,,,,,,,,,,,,
1999-12-01,china,,,,,,,,,,,,,,,,,,,,,14.0,,14.0,14.6,,,,,7.6,7.6,0,0.0,,,,,,,,,,,,,
2000-01-01,china,,,,,,,,,,,,,,,,,,,,,14.7,,14.7,14.4,,,,,7.4,7.4,0,0.0,,,,,,,,,,,,,
2000-02-01,china,,,,,,,,,,,,,,,,,,,,,14.3,,14.3,14.333333333333334,,,,,8.9,8.9,0,0.0,,,,,,,,,,,,,
2000-03-01,china,,,,,,,,,,,,,,,,,,,,,13.5,,13.5,14.166666666666666,,,,,12.0,12.0,0,0.0,,,,,,,,,,,,,
2000-04-01,china,,,,,,,,,,,,,,,,,,,,,13.4,,13.4,13.733333333333334,,,,,11.9,11.9,0,0.0,,,,,,,,,,,,,
2000-05-01,china,,,,,,,,,,,,,,,,,,,,,14.5,,14.5,13.799999999999999,,,,,11.4,11.4,0,0.0,,,,,,,,,,,,,
2000-06-01,china,,,,,,,,,,,,,,,,,,,,,14.0,,14.0,13.966666666666667,,,,,11.5,11.5,0,0.0,,,,,,,,,,,,,
2000-07-01,china,,,,,,,,,,,,,,,,,,,,,14.4,,14.4,14.300000000000002,,,,,12.2,12.2,0,0.0,,,,,,,,,,,,,
2000-08-01,china,,,,,,,,,,,,,,,,,,,,,15.6,,15.6,14.666666666666666,,,,,12.8,12.8,0,0.0,,,,,,,,,,,,,
2000-09-01,china,,,,,,,,,,,,,,,,,,,,,14.8,,14.8,14.933333333333335,,,,,12.8,12.8,0,0.0,,,,,,,,,,,,,
2000-10-01,china,,,,,,,,,,,,,,,,,,,,,15.3,,15.3,15.233333333333334,,,,,12.0,12.0,0,0.0,,,,,,,,,,,,,
2000-11-01,china,,,,,,,,,,,,,,,,,,,,,14.2,,14.2,14.766666666666666,,,,,11.4,11.4,0,0.0,,,,,,,,,,,,,
2000-12-01,china,,,,,,,,,,,,,,,,,,,,,15.2,,15.2,14.9,,,,,10.6,10.6,0,0.0,,,,,,,,,,,,,
2001-01-01,china,,,,,,,,,,,,,,,,,,,,,14.0,,14.0,14.466666666666667,,,,,10.4,10.4,0,0.0,,,,,,,,,,,,,
2001-02-01,china,,,,,,,,,,,,,,,,,,,,,15.2,,15.2,14.799999999999999,,,,,2.3,2.3,0,0.0,,,,,,,,,,,,,
2001-03-01,china,,,,,,,,,,,,,,,,,,,,,15.2,,15.2,14.799999999999999,,,,,19.0,19.0,0,0.0,,,,,,,,,,,,,
2001-04-01,china,,,,,,,,,,,,,,,,,,,,,14.8,,14.8,15.066666666666665,,,,,12.1,12.1,0,0.0,,,,,,,,,,,,,
2001-05-01,china,,,,,,,,,,,,,,,,,,,,,13.9,,13.9,14.633333333333335,,,,,11.5,11.5,0,0.0,,,,,,,,,,,,,
2001-06-01,china,,,,,,,,,,,,,,,,,,,,,14.5,,14.5,14.4,,,,,10.2,10.2,0,0.0,,,,,,,,,,,,,
2001-07-01,china,,,,,,,,,,,,,,,,,,,,,14.3,,14.3,14.233333333333334,,,,,10.1,10.1,0,0.0,,,,,,,,,,,,,
2001-08-01,china,,,,,,,,,,,,,,,,,,,,,13.5,,13.5,14.1,,,,,8.1,8.1,0,0.0,,,,,,,,,,,,,
2001-09-01,china,,,,,,,,,,,,,,,,,,,,,13.6,,13.6,13.799999999999999,,,,,8.1,8.1,0,0.0,,,,,,,,,,,,,
2001-10-01,china,,,,,,,,,,,,,,,,,,,,,13.6,,13.6,13.566666666666668,,,,,9.5,9.5,0,0.0,,,,,,,,,,,,,
2001-11-01,china,,,,,,,,,,,,,,,,,,,,,12.9,,12.9,13.366666666666667,,,,,8.8,8.8,0,0.0,,,,,,,,,,,,,
2001-12-01,china,,,,,,,,,,,,,,,,,,,,,13.2,,13.2,13.233333333333333,,,,,7.9,7.9,0,0.0,,,,,,,,,,,,,
2002-01-01,china,,,,,,,,,,,,,,,,,,,,,14.4,,14.4,13.5,,,,,8.7,8.7,0,0.0,,,,,,,,,,,,,
2002-02-01,china,,,,,,,,,,,,,,,,,,,,,13.0,,13.0,13.533333333333333,,,,,18.6,18.6,0,0.0,,,,,,,,,,,,,
2002-03-01,china,,,,,,,,,,,,,,,,,,,,,13.0,,13.0,13.466666666666667,,,,,2.7,2.7,0,0.0,,,,,,,,,,,,,
2002-04-01,china,,,,,,,,,,,,,,,,,,,,,14.4,,14.4,13.466666666666667,,,,,10.9,10.9,0,0.0,,,,,,,,,,,,,
2002-05-01,china,,,,,,,,,,,,,,,,,,,,,14.1,,14.1,13.833333333333334,,,,,12.1,12.1,0,0.0,,,,,,,,,,,,,
2002-06-01,china,,,,,,,,,,,,,,,,,,,,,14.0,,14.0,14.166666666666666,,,,,12.9,12.9,0,0.0,,,,,,,,,,,,,
2002-07-01,china,,,,,,,,,,,,,,,,,,,,,14.7,,14.7,14.266666666666666,,,,,12.4,12.4,0,0.0,,,,,,,,,,,,,
2002-08-01,china,,,,,,,,,,,,,,,,,,,,,14.4,,14.4,14.366666666666667,,,,,12.8,12.8,0,0.0,,,,,,,,,,,,,
2002-09-01,china,,,,,,,,,,,,,,,,,,,,,15.5,,15.5,14.866666666666667,,,,,12.7,12.7,0,0.0,,,,,,,,,,,,,
2002-10-01,china,,,,,,,,,,,,,,,,,,,,,16.5,,16.5,15.466666666666669,,,,,13.8,13.8,0,0.0,,,,,,,,,,,,,
2002-11-01,china,,,,,,,,,,,,,,,,,,,,,17.0,,17.0,16.333333333333332,,,,,14.2,14.2,0,0.0,,,,,,,,,,,,,
2002-12-01,china,,,,,,,,,,,,,,,,,,,,,16.6,,16.6,16.700000000000003,,,,,14.5,14.5,0,0.0,,,,,,,,,,,,,
2003-01-01,china,,,,,,,,,,,,,,,,,,,,,16.8,,16.8,16.8,,,,,14.9,14.9,0,0.0,,,,,,,,,,,,,
2003-02-01,china,,,,,,,,,,,,,,,,,,,,,19.3,,19.3,17.566666666666666,,,,,14.8,14.8,0,0.0,,,,,,,,,,,,,
2003-03-01,china,,,,,,,,,,,,,,,,,,,,,18.1,,18.1,18.066666666666666,,,,,19.8,19.8,0,0.0,,,,,,,,,,,,,
2003-04-01,china,,,,,,,,,,,,,,,,,,,,,18.5,,18.5,18.633333333333336,,,,,16.9,16.9,0,0.0,,,,,,,,,,,,,
2003-05-01,china,,,,,,,,,,,,,,,,,,,,,19.2,,19.2,18.6,,,,,14.9,14.9,0,0.0,,,,,,,,,,,,,
2003-06-01,china,,,,,,,,,,,,,,,,,,,,,20.2,,20.2,19.3,,,,,13.7,13.7,0,0.0,,,,,,,,,,,,,
2003-07-01,china,,,,,,,,,,,,,,,,,,,,,20.8,,20.8,20.066666666666666,,,,,16.9,16.9,0,0.0,,,,,,,,,,,,,
2003-08-01,china,,,,,,,,,,,,,,,,,,,,,20.7,,20.7,20.566666666666666,,,,,16.5,16.5,0,0.0,,,,,,,,,,,,,
2003-09-01,china,,,,,,,,,,,,,,,,,,,,,21.6,,21.6,21.033333333333335,,,,,17.1,17.1,0,0.0,,,,,,,,,,,,,
2003-10-01,china,,,,,,,,,,,,,,,,,,,,,20.7,,20.7,21.000000000000004,,,,,16.3,16.3,0,0.0,,,,,,,,,,,,,
2003-11-01,china,,,,,,,,,,,,,,,,,,,,,21.0,,21.0,21.1,,,,,17.2,17.2,0,0.0,,,,,,,,,,,,,
2003-12-01,china,,,,,,,,,,,,,,,,,,,,,20.4,,20.4,20.7,,,,,17.9,17.9,0,0.0,,,,,,,,,,,,,
2004-01-01,china,,,,,,,,,,,,,,,,,,,,,19.6,,19.6,20.333333333333336,,,,,18.1,18.1,0,0.0,,,,,,,,,,,,,
2004-02-01,china,,,,,,,,,,,,,,,,,,,,,18.1,,18.1,19.366666666666667,,,,,7.2,7.2,0,0.0,,,,,,,,,,,,,
2004-03-01,china,,,,,,,,,,,,,,,,,,,,,19.4,,19.4,19.033333333333335,,,,,23.2,23.2,0,0.0,,,,,,,,,,,,,
2004-04-01,china,,,,,,,,,,,,,,,,,,,,,19.1,,19.1,18.866666666666667,,,,,19.4,19.4,0,0.0,,,,,,,,,,,,,
2004-05-01,china,,,,,,,,,,,,,,,,,,,,,19.1,,19.1,19.2,,,,,19.1,19.1,0,0.0,,,,,,,,,,,,,
2004-06-01,china,,,,,,,,,,,,,,,,,,,,,17.5,,17.5,18.566666666666666,,,,,17.5,17.5,0,0.0,,,,,,,,,,,,,
2004-07-01,china,,,,,,,,,,,,,,,,,,,,,16.2,,16.2,17.600000000000005,,,,,16.2,16.2,0,0.0,,,,,,,,,,,,,
2004-08-01,china,,,,,,,,,,,,,,,,,,,,,15.3,,15.3,16.333333333333332,,,,,15.5,15.5,0,0.0,,,,,,,,,,,,,
2004-09-01,china,,,,,,,,,,,,,,,,,,,,,13.6,,13.6,15.033333333333333,,,,,15.9,15.9,0,0.0,,,,,,,,,,,,,
2004-10-01,china,,,,,,,,,,,,,,,,,,,,,13.9,,13.9,14.266666666666667,,,,,16.1,16.1,0,0.0,,,,,,,,,,,,,
2004-11-01,china,,,,,,,,,,,,,,,,,,,,,13.4,,13.4,13.633333333333335,,,,,15.7,15.7,0,0.0,,,,,,,,,,,,,
2004-12-01,china,,,,,,,,,,,,,,,,,,,,,14.0,,14.0,13.766666666666667,,,,,14.8,14.8,0,0.0,,,,,,,,,,,,,
2005-01-01,china,,,,,,,,,,,,,,,,,,,,,14.6,,14.6,14.0,,,,,14.4,14.4,0,0.0,,,,,,,,,,,,,
2005-02-01,china,,,,,,,,,,,,,,,,,,,,,14.1,,14.1,14.233333333333334,,,,,20.9,20.9,0,0.0,,,,,,,,,,,,,
2005-03-01,china,,,,,,,,,,,,,,,,,,,,,13.9,,13.9,14.200000000000003,,,,,7.6,7.6,0,0.0,,,,,,,,,,,,,
2005-04-01,china,,,,,,,,,,,,,,,,,,,,,14.0,,14.0,14.0,,,,,15.1,15.1,0,0.0,,,,,,,,,,,,,
2005-05-01,china,,,,,,,,,,,,,,,,,,,,,14.1,,14.1,14.0,,,,,16.0,16.0,0,0.0,,,,,,,,,,,,,
2005-06-01,china,,,,,,,,,,,,,,,,,,,,,14.6,,14.6,14.233333333333334,,,,,16.6,16.6,0,0.0,,,,,,,,,,,,,
2005-07-01,china,,,,,,,,,,,,,,,,,,,,,15.7,,15.7,14.800000000000002,,,,,16.8,16.8,0,0.0,,,,,,,,,,,,,
2005-08-01,china,,,,,,,,,,,,,,,,,,,,,16.3,,16.3,15.533333333333333,,,,,16.1,16.1,0,0.0,,,,,,,,,,,,,
2005-09-01,china,,,,,,,,,,,,,,,,,,,,,17.3,,17.3,16.433333333333334,,,,,16.0,16.0,0,0.0,,,,,,,,,,,,,
2005-10-01,china,,,,,,,,,,,,,,,,,,,,,17.9,,17.9,17.166666666666668,,,,,16.5,16.5,0,0.0,,,,,,,,,,,,,
2005-11-01,china,,,,,,,,,,,,,,,,,,,,,18.0,,18.0,17.733333333333334,,,,,16.1,16.1,0,0.0,,,,,,,,,,,,,
2005-12-01,china,,,,,,,,,,,,,,,,,,,,,18.3,,18.3,18.066666666666666,,,,,16.6,16.6,0,0.0,,,,,,,,,,,,,
2006-01-01,china,,,,,,,,,,,,,,,,,,,,,17.6,,17.6,17.96666666666667,,,,,16.5,16.5,0,0.0,,,,,,,,,,,,,
2006-02-01,china,,,,,,,,,,,,,,,,,,,,,19.2,,19.2,18.36666666666667,,,,,16.5,16.5,31,0.0,,,,,,,,,,,,,
2006-03-01,china,,,,,,,,,,,,,,,,,,,,,18.8,,18.8,18.533333333333335,,,,,20.1,20.1,0,0.0,,,,,,,,,,,,,
2006-04-01,china,,,,,,,,,,,,,,,,,,,,,18.8,,18.8,18.933333333333334,,,,,17.8,17.8,0,0.0,,,,,,,,,,,,,
2006-05-01,china,,,,,,,,,,,,,,,,,,,,,18.9,,18.9,18.833333333333332,,,,,16.6,16.6,0,0.0,,,,,,,,,,,,,
2006-06-01,china,,,,,,,,,,,,,,,,,,,,,19.0,,19.0,18.900000000000002,,,,,17.9,17.9,0,0.0,,,,,,,,,,,,,
2006-07-01,china,,,,,,,,,,,,,,,,,,,,,18.4,,18.4,18.766666666666666,,,,,19.5,19.5,0,0.0,,,,,,,,,,,,,
2006-08-01,china,,,,,,,,,,,,,,,,,,,,,18.4,,18.4,18.599999999999998,,,,,16.7,16.7,0,0.0,,,,,,,,,,,,,
2006-09-01,china,,,,,,,,,,,,,,,,,,,,,17.9,,17.9,18.233333333333334,,,,,15.7,15.7,0,0.0,,,,,,,,,,,,,
2006-10-01,china,,,,,,,,,,,,,,,,,,,,,16.8,,16.8,17.7,,,,,16.1,16.1,0,0.0,,,,,,,,,,,,,
2006-11-01,china,,,,,,,,,,,,,,,,,,,,,17.1,,17.1,17.26666666666667,,,,,14.7,14.7,0,0.0,,,,,,,,,,,,,
2006-12-01,china,,,,,,,,,,,,,,,,,,,,,16.8,,16.8,16.900000000000002,,,,,14.9,14.9,0,0.0,,,,,,,,,,,,,
2007-01-01,china,,,,,,,,,,,,,,,,,,,,,16.9,,16.9,16.933333333333337,,,,,14.7,14.7,0,0.0,,,,,,,,,,,,,
2007-02-01,china,,,,,,,,,,,,,,,,,,,,,15.8,,15.8,16.5,,,,,14.7,14.7,31,0.0,,,,,,,,,,,,,
2007-03-01,china,,,,,,,,,,,,,,,,,,,,,17.8,,17.8,16.833333333333332,,,,,12.6,12.6,0,0.0,,,,,,,,,,,,,
2007-04-01,china,,,,,,,,,,,,,,,,,,,,,17.3,,17.3,16.96666666666667,,,,,17.6,17.6,0,0.0,,,,,,,,,,,,,
2007-05-01,china,,,,,,,,,,,,,,,,,,,,,17.1,,17.1,17.400000000000002,,,,,17.4,17.4,0,0.0,,,,,,,,,,,,,
2007-06-01,china,,,,,,,,,,,,,,,,,,,,,16.7,,16.7,17.033333333333335,,,,,18.1,18.1,0,0.0,,,,,,,,,,,,,
2007-07-01,china,,,,,,,,,,,,,,,,,,,,,17.1,,17.1,16.96666666666667,,,,,19.4,19.4,0,0.0,,,,,,,,,,,,,
2007-08-01,china,,,,,,,,,,,,,,,,,,,,,18.5,,18.5,17.433333333333334,,,,,18.0,18.0,0,0.0,,,,,,,,,,,,,
2007-09-01,china,,,,,,,,,,,,,,,,,,,,,18.1,,18.1,17.900000000000002,,,,,17.5,17.5,0,0.0,,,,,,,,,,,,,
2007-10-01,china,,,,,,,,,,,,,,,,,,,,,18.4,,18.4,18.333333333333332,,,,,18.9,18.9,0,0.0,,,,,,,,,,,,,
2007-11-01,china,,,,,,,,,,,,,,,,,,,,,18.5,,18.5,18.333333333333332,,,,,17.9,17.9,0,0.0,,,,,,,,,,,,,
2007-12-01,china,,,,,,,,,,,,,,,,,,,,,18.4,,18.4,18.433333333333334,,,,,17.3,17.3,0,0.0,,,,,,,,,,,,,
2008-01-01,china,53.0,,,7.0781,,7.0781,,,,,,,,,,,,,,,16.7,,16.7,17.866666666666667,,,,,17.4,17.4,0,0.0,,,,,,,,,,,,,
2008-02-01,china,53.4,,,8.7443,,8.7443,,,,,,,,,,,,,,,18.9,,18.9,18.0,,,,,17.4,17.4,31,0.0,,,,,,,,,,,,,
2008-03-01,china,58.4,,54.93333333333334,8.3097,,8.3097,8.044033333333333,,,,,,,,,,,,,,17.5,,17.5,17.7,,,,,15.4,15.4,0,0.0,,,,,,,,,,,,,
2008-04-01,china,59.2,6.200000000000003,57.0,8.4829,,8.4829,8.512300000000002,,,,,,,,,,,,,,16.3,,16.3,17.566666666666666,,,,,17.8,17.8,0,0.0,,,,,,,,,,,,,
2008-05-01,china,53.3,-0.10000000000000142,56.96666666666666,7.7163,,7.7163,8.169633333333332,,,,,,,,,,,,,,16.9,,16.9,16.900000000000002,,,,,15.7,15.7,0,0.0,,,,,,,,,,,,,
2008-06-01,china,52.0,-6.399999999999999,54.833333333333336,7.0844,,7.0844,7.7612,,,,,,,,,,,,,,18.1,,18.1,17.099999999999998,,,,,16.0,16.0,0,0.0,,,,,,,,,,,,,
2008-07-01,china,48.4,-10.800000000000004,51.23333333333333,6.302,,6.302,7.034233333333333,,,,,,,,,,,,,,17.4,,17.4,17.46666666666667,,,,,16.0,16.0,0,0.0,,,,,,,,,,,,,
2008-08-01,china,48.4,-4.899999999999999,49.6,4.9001,,4.9001,6.095499999999999,,,,,,,,,,,,,,16.4,,16.4,17.3,,,,,14.7,14.7,0,0.0,,,,,,,,,,,,,
2008-09-01,china,51.2,-0.7999999999999972,49.333333333333336,4.6425,,4.6425,5.281533333333333,,,,,,,,,,,,,,16.0,,16.0,16.599999999999998,,,,,12.8,12.8,0,0.0,,,,,,,,,,,,,
2008-10-01,china,44.6,-3.799999999999997,48.06666666666666,3.9744,,3.9744,4.5056666666666665,,,,,,,,,,,,,,15.3,,15.3,15.9,,,,,11.4,11.4,0,0.0,,,,,,,,,,,,,
2008-11-01,china,38.8,-9.600000000000001,44.86666666666667,2.434,,2.434,3.683633333333333,,,,,,,,,,,,,,15.0,,15.0,15.433333333333335,,,,,8.2,8.2,0,0.0,,,,,,,,,,,,,
2008-12-01,china,41.2,-10.0,41.53333333333333,1.1999,,1.1999,2.5360999999999994,,,,,,,,,,,,,,14.8,,14.8,15.033333333333337,,,,,5.4,5.4,0,0.0,,,,,,,,,,,,,
2009-01-01,china,45.3,0.6999999999999957,41.76666666666667,0.95,,0.95,1.527966666666666,,,,,,,,,,,,,,17.8,,17.8,15.866666666666669,,,,,5.7,5.7,0,0.0,,,,,,,,,,,,,
2009-02-01,china,49.0,10.200000000000003,45.166666666666664,-1.5582,,-1.5582,0.1972333333333327,,,,,,,,,,,,,,18.8,,18.8,17.133333333333336,,,,,5.7,5.7,31,0.0,,,,,,,,,,,,,
2009-03-01,china,52.4,11.199999999999996,48.9,-1.1714,,-1.1714,-0.5932000000000006,,,,,,,,,,,,,,20.4,,20.4,19.000000000000004,,,,,11.0,11.0,0,0.0,,,,,,,,,,,,,
2009-04-01,china,53.5,8.200000000000003,51.633333333333326,-1.5,,-1.5,-1.409866666666667,,,,,,,,,,,,,,25.5,,25.5,21.566666666666666,,,,,8.3,8.3,0,0.0,,,,,,,,,,,,,
2009-05-01,china,53.1,4.100000000000001,53.0,-1.3713,,-1.3713,-1.3475666666666672,,,,,,,,,,,,,,26.0,,26.0,23.96666666666667,,,,,7.3,7.3,0,0.0,,,,,,,,,,,,,
2009-06-01,china,53.2,0.8000000000000043,53.26666666666667,-1.7,,-1.7,-1.5237666666666672,,,,,,,,,,,,,,25.7,,25.7,25.733333333333334,,,,,8.9,8.9,0,0.0,,,,,,,,,,,,,
2009-07-01,china,53.3,-0.20000000000000284,53.199999999999996,-1.8057,,-1.8057,-1.6256666666666673,,,,,,,,,,,,,,28.5,,28.5,26.733333333333334,,,,,10.7,10.7,0,0.0,,,,,,,,,,,,,
2009-08-01,china,54.0,0.8999999999999986,53.5,-1.2043,,-1.2043,-1.5700000000000005,,,,,,,,,,,,,,28.4,,28.4,27.53333333333333,,,,,10.8,10.8,0,0.0,,,,,,,,,,,,,
2009-09-01,china,54.3,1.0999999999999943,53.86666666666667,-0.7883,,-0.7883,-1.2661000000000007,,,,,,,,,,,,,,28.5,,28.5,28.46666666666667,,,,,12.3,12.3,0,0.0,,,,,,,,,,,,,
2009-10-01,china,55.2,1.9000000000000057,54.5,-0.53,,-0.53,-0.8408666666666672,,,,,,,,,,,,,,29.3,,29.3,28.733333333333334,,,,,13.9,13.9,0,0.0,,,,,,,,,,,,,
2009-11-01,china,55.2,1.2000000000000028,54.900000000000006,0.56,,0.56,-0.25276666666666725,,,,,,,,,,,,,,29.5,,29.5,29.100000000000005,,,,,16.1,16.1,0,0.0,,,,,,,,,,,,,
2009-12-01,china,56.6,2.3000000000000043,55.666666666666664,1.8559,,1.8559,0.6286333333333328,,,,,,,,,,,,,,29.7,,29.7,29.5,,,,,19.2,19.2,0,0.0,,,,,,,,,,,,,
2010-01-01,china,55.8,0.5999999999999943,55.866666666666674,1.53,,1.53,1.3152999999999995,,,,,,,,,,,,,,27.7,,27.7,28.96666666666667,,,,,18.5,18.5,0,0.0,,,,,,,,,,,,,
2010-02-01,china,52.0,-3.200000000000003,54.79999999999999,2.6953,,2.6953,2.0270666666666664,,,,,,,,,,,,,,26.1,,26.1,27.833333333333332,,,,,18.5,18.5,31,0.0,,,,,,,,,,,,,
2010-03-01,china,55.1,-1.5,54.300000000000004,2.3707,,2.3707,2.198666666666666,,,,,,,,,,,,,,25.5,,25.5,26.433333333333337,,,,,12.8,12.8,0,0.0,,,,,,,,,,,,,
2010-04-01,china,55.7,-0.09999999999999432,54.26666666666667,2.8136,,2.8136,2.6265333333333327,,,,,,,,,,,,,,22.5,,22.5,24.7,,,,,18.1,18.1,0,0.0,,,,,,,,,,,,,
2010-05-01,china,53.9,1.8999999999999986,54.9,3.0613,,3.0613,2.748533333333333,,,,,,,,,,,,,,21.5,,21.5,23.166666666666668,,,,,17.8,17.8,0,0.0,,,,,,,,,,,,,
2010-06-01,china,52.1,-3.0,53.900000000000006,2.9499,,2.9499,2.9415999999999998,,,,,,,,,,,,,,21.0,,21.0,21.666666666666668,,,,,16.5,16.5,0,0.0,,,,,,,,,,,,,
2010-07-01,china,51.2,-4.5,52.4,3.3042,,3.3042,3.105133333333333,,,,,,,,,,,,,,18.5,,18.5,20.333333333333336,,,,,13.7,13.7,0,0.0,,,,,,,,,,,,,
2010-08-01,china,51.7,-2.1999999999999957,51.666666666666664,3.4794,,3.4794,3.2445,,,,,,,,,,,,,,17.6,,17.6,19.033333333333335,,,,,13.4,13.4,0,0.0,,,,,,,,,,,,,
2010-09-01,china,53.8,1.6999999999999957,52.23333333333334,3.6056,,3.6056,3.4630666666666663,,,,,,,,,,,,,,19.2,,19.2,18.433333333333337,,,,,13.9,13.9,0,0.0,,,,,,,,,,,,,
2010-10-01,china,54.7,3.5,53.4,4.3655,,4.3655,3.816833333333333,,,,,,,,,,,,,,19.0,,19.0,18.600000000000005,,,,,13.3,13.3,0,0.0,,,,,,,,,,,,,
2010-11-01,china,55.2,3.5,54.56666666666667,5.1192,,5.1192,4.363433333333333,,,,,,,,,,,,,,19.3,,19.3,19.166666666666668,,,,,13.1,13.1,0,0.0,,,,,,,,,,,,,
2010-12-01,china,53.9,0.10000000000000142,54.6,4.5859,,4.5859,4.6902,,,,,,,,,,,,,,19.5,,19.5,19.26666666666667,,,,,13.3,13.3,0,0.0,,,,,,,,,,,,,
2011-01-01,china,52.9,-1.8000000000000043,54.0,4.9121,,4.9121,4.872399999999999,,,,,,,,,,,,,,19.7,,19.7,19.5,,,,,13.5,13.5,0,0.0,,,,,,,,,,,,,
2011-02-01,china,52.2,-3.0,53.0,4.9443,,4.9443,4.8141,,,,,,,,,,,,,,17.2,,17.2,18.8,,,,,13.5,13.5,31,0.0,,,,,,,,,,,,,
2011-03-01,china,53.4,-0.5,52.833333333333336,5.383,,5.383,5.0798,,,,,,,,,,,,,,15.7,,15.7,17.533333333333335,,,,,14.1,14.1,0,0.0,,,,,,,,,,,,,
2011-04-01,china,52.9,0.0,52.833333333333336,5.3442,,5.3442,5.223833333333332,,,,,,,,,,,,,,16.6,,16.6,16.5,,,,,14.8,14.8,0,0.0,,,,,,,,,,,,,
2011-05-01,china,52.0,-0.20000000000000284,52.76666666666667,5.5146,,5.5146,5.413933333333333,,,,,,,,,,,,,,15.3,,15.3,15.866666666666667,,,,,13.4,13.4,0,0.0,,,,,,,,,,,,,
2011-06-01,china,50.9,-2.5,51.93333333333334,6.3553,,6.3553,5.738033333333333,,,,,,,,,,,,,,15.1,,15.1,15.66666666666667,,,,,13.3,13.3,0,0.0,,,,,,,,,,,,,
2011-07-01,china,50.7,-2.1999999999999957,51.199999999999996,6.4508,,6.4508,6.106899999999999,,,,,,,,,,,,,,15.9,,15.9,15.433333333333335,,,,,15.1,15.1,0,0.0,,,,,,,,,,,,,
2011-08-01,china,50.9,-1.1000000000000014,50.833333333333336,6.1514,,6.1514,6.319166666666667,,,,,,,,,,,,,,14.7,,14.7,15.233333333333334,,,,,14.0,14.0,0,0.0,,,,,,,,,,,,,
2011-09-01,china,51.2,0.30000000000000426,50.93333333333334,6.0671,,6.0671,6.2231,,,,,,,,,,,,,,13.5,,13.5,14.700000000000001,,,,,13.5,13.5,0,0.0,,,,,,,,,,,,,
2011-10-01,china,50.4,-0.30000000000000426,50.833333333333336,5.4954,,5.4954,5.904633333333333,,,,,,,,,,,,,,13.0,,13.0,13.733333333333334,,,,,13.8,13.8,0,0.0,,,,,,,,,,,,,
2011-11-01,china,49.0,-1.8999999999999986,50.199999999999996,4.2246,,4.2246,5.262366666666666,,,,,,,,,,,,,,12.9,,12.9,13.133333333333335,,,,,13.2,13.2,0,0.0,,,,,,,,,,,,,
2011-12-01,china,50.3,-0.9000000000000057,49.9,4.0704,,4.0704,4.596799999999999,,,,,,,,,,,,,,12.7,,12.7,12.866666666666667,,,,,12.4,12.4,0,0.0,,,,,,,,,,,,,
2012-01-01,china,50.5,0.10000000000000142,49.93333333333334,4.5485,,4.5485,4.281166666666667,,,,,,,,,,,,,,13.6,,13.6,13.066666666666668,,,,,12.8,12.8,0,0.0,,,,,,,,,,,,,
2012-02-01,china,51.0,2.0,50.6,3.1613,,3.1613,3.926733333333333,,,,,,,,,,,,,,12.4,,12.4,12.9,,,,,12.8,12.8,31,0.0,,,,,,,,,,,,,
2012-03-01,china,53.1,2.8000000000000043,51.53333333333333,3.5856,,3.5856,3.7651333333333326,,,,,,,,,,,,,,13.0,,13.0,13.0,,,,,11.4,11.4,0,0.0,,,,,,,,,,,,,
2012-04-01,china,53.3,2.799999999999997,52.46666666666667,3.3653,,3.3653,3.3707333333333325,,,,,,,,,,,,,,13.4,,13.4,12.933333333333335,,,,,11.9,11.9,0,0.0,,,,,,,,,,,,,
2012-05-01,china,50.4,-0.6000000000000014,52.26666666666667,3.0008,,3.0008,3.3172333333333324,,,,,,,,,,,,,,12.8,,12.8,13.066666666666668,,,,,9.3,9.3,0,0.0,,,,,,,,,,,,,
2012-06-01,china,50.2,-2.8999999999999986,51.300000000000004,2.1504,,2.1504,2.838833333333332,,,,,,,,,,,,,,13.2,,13.2,13.133333333333335,,,,,9.6,9.6,0,0.0,,,,,,,,,,,,,
2012-07-01,china,50.1,-3.1999999999999957,50.23333333333333,1.8,,1.8,2.317066666666666,,,,,,,,,,,,,,13.6,,13.6,13.200000000000001,,,,,9.5,9.5,0,0.0,,,,,,,,,,,,,
2012-08-01,china,49.2,-1.1999999999999957,49.833333333333336,2.0,,2.0,1.983466666666666,,,,,,,,,,,,,,13.9,,13.9,13.566666666666668,,,,,9.2,9.2,0,0.0,,,,,,,,,,,,,
2012-09-01,china,49.8,-0.4000000000000057,49.699999999999996,1.9,,1.9,1.8999999999999992,,,,,,,,,,,,,,13.5,,13.5,13.666666666666666,,,,,8.9,8.9,0,0.0,,,,,,,,,,,,,
2012-10-01,china,50.2,0.10000000000000142,49.73333333333334,1.7,,1.7,1.866666666666666,,,,,,,,,,,,,,14.8,,14.8,14.066666666666668,,,,,9.2,9.2,0,0.0,,,,,,,,,,,,,
2012-11-01,china,50.6,1.3999999999999986,50.199999999999996,2.0,,2.0,1.866666666666666,,,,,,,,,,,,,,14.1,,14.1,14.133333333333335,,,,,9.6,9.6,0,0.0,,,,,,,,,,,,,
2012-12-01,china,50.6,0.8000000000000043,50.46666666666667,2.5,,2.5,2.066666666666666,,,,,,,,,,,,,,13.9,,13.9,14.266666666666667,,,,,10.1,10.1,0,0.0,,,,,,,,,,,,,
2013-01-01,china,50.4,0.19999999999999574,50.53333333333333,2.0,,2.0,2.166666666666666,,,,,,,,,,,,,,13.8,,13.8,13.933333333333335,,,,,10.3,10.3,0,0.0,,,,,,,,,,,,,
2013-02-01,china,50.1,-0.5,50.36666666666667,3.2,,3.2,2.566666666666666,,,,,,,,,,,,,,15.9,,15.9,14.533333333333333,,,,,10.3,10.3,31,0.0,,,,,,,,,,,,,
2013-03-01,china,50.9,0.29999999999999716,50.46666666666667,2.1,,2.1,2.4333333333333327,,,,,,,,,,,,,,15.2,,15.2,14.966666666666669,,,,,9.9,9.9,0,0.0,,,,,,,,,,,,,
2013-04-01,china,50.6,0.20000000000000284,50.53333333333333,2.4,,2.4,2.566666666666666,,,,,,,,,,,,,,15.7,,15.7,15.600000000000001,,,,,8.9,8.9,0,0.0,,,,,,,,,,,,,
2013-05-01,china,50.8,0.6999999999999957,50.76666666666667,2.0981,,2.0981,2.199366666666666,,,,,,,,,,,,,,16.1,,16.1,15.66666666666667,,,,,9.3,9.3,0,0.0,,,,,,,,,,,,,
2013-06-01,china,50.1,-0.7999999999999972,50.5,2.7,,2.7,2.399366666666666,,,,,,,,,,,,,,15.8,,15.8,15.866666666666669,,,,,9.2,9.2,0,0.0,,,,,,,,,,,,,
2013-07-01,china,50.3,-0.30000000000000426,50.4,2.7,,2.7,2.499366666666666,,,,,,,,,,,,,,14.0,,14.0,15.300000000000002,,,,,8.9,8.9,0,0.0,,,,,,,,,,,,,
2013-08-01,china,51.0,0.20000000000000284,50.46666666666666,2.6,,2.6,2.666666666666666,,,,,,,,,,,,,,14.5,,14.5,14.766666666666671,,,,,9.7,9.7,0,0.0,,,,,,,,,,,,,
2013-09-01,china,51.1,1.0,50.800000000000004,3.1,,3.1,2.7999999999999994,,,,,,,,,,,,,,14.7,,14.7,14.4,,,,,10.4,10.4,0,0.0,,,,,,,,,,,,,
2013-10-01,china,51.4,1.1000000000000014,51.166666666666664,3.2,,3.2,2.9666666666666663,,,,,,,,,,,,,,14.2,,14.2,14.466666666666669,,,,,10.2,10.2,0,0.0,,,,,,,,,,,,,
2013-11-01,china,51.4,0.3999999999999986,51.300000000000004,3.0,,3.0,3.099999999999999,,,,,,,,,,,,,,14.3,,14.3,14.4,,,,,10.3,10.3,0,0.0,,,,,,,,,,,,,
2013-12-01,china,51.0,-0.10000000000000142,51.26666666666667,2.49871692,,2.49871692,2.8995723066666663,,,,,,,,,,,,,,14.2,,14.2,14.233333333333334,,,,,10.0,10.0,0,0.0,,,,,,,,,,,,,
2014-01-01,china,50.5,-0.8999999999999986,50.96666666666667,2.5,,2.5,2.6662389733333325,,,,,,,,,,,,,,13.6,,13.6,14.033333333333337,,,,,9.7,9.7,0,0.0,,,,,,,,,,,,,
2014-02-01,china,50.2,-1.1999999999999957,50.56666666666666,2.0,,2.0,2.3329056399999994,,,,,,,,,,,,,,13.2,,13.2,13.66666666666667,,,,,9.7,9.7,31,0.0,,,,,,,,,,,,,
2014-03-01,china,50.3,-0.7000000000000028,50.333333333333336,2.4,,2.4,2.2999999999999994,,,,,,,,,,,,,,13.3,,13.3,13.366666666666669,,,,,8.6,8.6,0,0.0,,,,,,,,,,,,,
2014-04-01,china,50.4,-0.10000000000000142,50.29999999999999,1.80138144,,1.80138144,2.067127146666666,,,,,,,,,,,,,,12.1,,12.1,12.866666666666669,,,,,8.8,8.8,0,0.0,,,,,,,,,,,,,
2014-05-01,china,50.8,0.5999999999999943,50.5,2.5,,2.5,2.2337938133333326,,,,,,,,,,,,,,13.2,,13.2,12.866666666666669,,,,,8.7,8.7,0,0.0,,,,,,,,,,,,,
2014-06-01,china,51.0,0.7000000000000028,50.73333333333333,2.3,,2.3,2.2004604799999994,,,,,,,,,,,,,,13.4,,13.4,12.9,,,,,8.8,8.8,0,0.0,,,,,,,,,,,,,
2014-07-01,china,51.7,1.3000000000000043,51.166666666666664,2.3,,2.3,2.366666666666666,,,,,,,,,,,,,,14.7,,14.7,13.766666666666667,,,,,9.2,9.2,0,0.0,,,,,,,,,,,,,
2014-08-01,china,51.1,0.30000000000000426,51.26666666666667,2.0,,2.0,2.1999999999999993,,,,,,,,,,,,,,13.5,,13.5,13.866666666666669,,,,,9.0,9.0,0,0.0,,,,,,,,,,,,,
2014-09-01,china,51.1,0.10000000000000142,51.300000000000004,1.6,,1.6,1.9666666666666661,,,,,,,,,,,,,,12.8,,12.8,13.66666666666667,,,,,6.9,6.9,0,0.0,,,,,,,,,,,,,
2014-10-01,china,50.8,-0.9000000000000057,51.0,1.60114868,,1.60114868,1.7337162266666661,,,,,,,,,,,,,,12.9,,12.9,13.066666666666668,,,,,8.0,8.0,0,0.0,,,,,,,,,,,,,
2014-11-01,china,50.3,-0.8000000000000043,50.73333333333333,1.4,,1.4,1.533716226666666,,,,,,,,,,,,,,12.6,,12.6,12.766666666666667,,,,,7.7,7.7,0,0.0,,,,,,,,,,,,,
2014-12-01,china,50.1,-1.0,50.4,1.5,,1.5,1.5003828933333327,,,,,,,,,,,,,,12.3,,12.3,12.600000000000003,,,,,7.2,7.2,0,0.0,,,,,,,,,,,,,
2015-01-01,china,49.8,-1.0,50.06666666666666,0.8,,0.8,1.2333333333333327,,,,,,,,,,,,,,12.2,,12.2,12.366666666666669,,,,,7.9,7.9,0,0.0,,,,,,,,,,,,,
2015-02-01,china,49.9,-0.3999999999999986,49.93333333333334,1.4,,1.4,1.2333333333333327,,,,,,,,,,,,,,10.8,,10.8,11.766666666666667,,,,,7.9,7.9,31,0.0,,,,,,,,,,,,,
2015-03-01,china,50.1,0.0,49.93333333333334,1.4,,1.4,1.1999999999999993,,,,,,,,,,,,,,12.5,,12.5,11.833333333333336,,,,,6.8,6.8,0,0.0,,,,,,,,,,,,,
2015-04-01,china,50.1,0.30000000000000426,50.03333333333333,1.5,,1.5,1.4333333333333327,,,,,,,,,,,,,,11.6,,11.6,11.633333333333335,,,,,5.6,5.6,0,0.0,,,,,,,,,,,,,
2015-05-01,china,50.2,0.30000000000000426,50.13333333333333,1.2,,1.2,1.366666666666666,,,,,,,,,,,,,,10.1,,10.1,11.400000000000004,,,,,5.9,5.9,0,0.0,,,,,,,,,,,,,
2015-06-01,china,50.2,0.10000000000000142,50.166666666666664,1.4,,1.4,1.366666666666666,,,,,,,,,,,,,,10.8,,10.8,10.833333333333336,,,,,6.1,6.1,0,0.0,,,,,,,,,,,,,
2015-07-01,china,50.0,-0.10000000000000142,50.13333333333333,1.6,,1.6,1.3999999999999995,,,,,,,,,,,,,,11.8,,11.8,10.900000000000004,,,,,6.8,6.8,0,0.0,,,,,,,,,,,,,
2015-08-01,china,49.7,-0.5,49.96666666666667,2.0,,2.0,1.666666666666666,,,,,,,,,,,,,,13.3,,13.3,11.966666666666669,,,,,6.0,6.0,0,0.0,,,,,,,,,,,,,
2015-09-01,china,49.8,-0.4000000000000057,49.833333333333336,1.59560463,,1.59560463,1.7318682099999994,,,,,,,,,,,,,,13.3,,13.3,12.800000000000004,,,,,6.1,6.1,0,0.0,,,,,,,,,,,,,
2015-10-01,china,49.8,-0.20000000000000284,49.76666666666667,1.3,,1.3,1.6318682099999995,,,,,,,,,,,,,,13.1,,13.1,13.233333333333334,,,,,5.7,5.7,0,0.0,,,,,,,,,,,,,
2015-11-01,china,49.6,-0.10000000000000142,49.73333333333333,1.5,,1.5,1.4652015433333327,,,,,,,,,,,,,,13.5,,13.5,13.300000000000002,,,,,5.6,5.6,0,0.0,,,,,,,,,,,,,
2015-12-01,china,49.7,-0.09999999999999432,49.699999999999996,1.6,,1.6,1.4666666666666661,,,,,,,,,,,,,,13.7,,13.7,13.433333333333335,,,,,6.2,6.2,0,0.0,,,,,,,,,,,,,
2016-01-01,china,49.4,-0.3999999999999986,49.56666666666666,1.8,,1.8,1.6333333333333329,,,,,,,,,,,,,,13.3,,13.3,13.500000000000002,,,,,5.9,5.9,0,0.0,,,,,,,,,,,,,
2016-02-01,china,49.0,-0.6000000000000014,49.366666666666674,2.3,,2.3,1.8999999999999995,,,,,,,,,,,,,,14.0,,14.0,13.66666666666667,,,,,5.9,5.9,31,0.0,,,,,,,,,,,,,
2016-03-01,china,50.2,0.5,49.53333333333333,2.3,,2.3,2.1333333333333324,,,,,,,,,,,,,,14.0,,14.0,13.766666666666671,,,,,5.4,5.4,0,29.0,,,,,,,,,,,,,
2016-04-01,china,50.1,0.7000000000000028,49.76666666666667,2.3,,2.3,2.3,,,,,,,,,,,,,,13.4,,13.4,13.800000000000002,,,,,6.8,6.8,0,0.0,,,,,,,,,,,,,
2016-05-01,china,50.1,1.1000000000000014,50.13333333333333,2.0,,2.0,2.1999999999999993,,,,,,,,,,,,,,12.8,,12.8,13.400000000000004,,,,,6.0,6.0,0,0.0,,,,,,,,,,,,,
2016-06-01,china,50.0,-0.20000000000000284,50.06666666666666,1.9,,1.9,2.066666666666666,,,,,,,,,,,,,,11.8,,11.8,12.66666666666667,,,,,6.0,6.0,0,0.0,,,,,,,,,,,,,
2016-07-01,china,49.9,-0.20000000000000284,50.0,1.8,,1.8,1.8999999999999995,,,,,,,,,,,,,,11.8,,11.8,12.133333333333338,,,,,6.2,6.2,0,0.0,,,,,,,,,,,,,
2016-08-01,china,50.4,0.29999999999999716,50.1,1.3,,1.3,1.666666666666666,,,,,,,,,,,,,,10.2,,10.2,11.266666666666667,,,,,6.0,6.0,0,0.0,,,,,,,,,,,,,
2016-09-01,china,50.4,0.3999999999999986,50.23333333333333,1.9,,1.9,1.666666666666666,,,,,,,,,,,,,,11.4,,11.4,11.133333333333335,,,,,6.3,6.3,0,0.0,,,,,,,,,,,,,
2016-10-01,china,51.2,1.3000000000000043,50.666666666666664,2.1,,2.1,1.7666666666666664,,,,,,,,,,,,,,11.5,,11.5,11.033333333333337,,,,,6.1,6.1,0,0.0,,,,,,,,,,,,,
2016-11-01,china,51.7,1.3000000000000043,51.1,2.3,,2.3,2.099999999999999,,,,,,,,,,,,,,11.6,,11.6,11.500000000000002,,,,,6.1,6.1,0,0.0,,,,,,,,,,,,,
2016-12-01,china,51.4,1.0,51.43333333333334,2.1,,2.1,2.166666666666666,,,,,,,,,,,,,,11.4,,11.4,11.500000000000002,,,,,6.2,6.2,0,0.0,,,,,,,,,,,,,
2017-01-01,china,51.3,0.09999999999999432,51.46666666666667,2.5,,2.5,2.2999999999999994,,,,,,,,,,,,,,11.3,,11.3,11.433333333333337,,,,,6.0,6.0,0,0.0,,,,,,,,,,,,,
2017-02-01,china,51.6,-0.10000000000000142,51.43333333333333,0.8,,0.8,1.7999999999999996,,,,,,,,,,,,,,11.3,,11.3,11.333333333333336,,,,,6.0,6.0,31,0.0,,,,,,,,,,,,,
2017-03-01,china,51.8,0.3999999999999986,51.56666666666666,0.9,,0.9,1.3999999999999995,,,,,,,,,,,,,,11.1,,11.1,11.233333333333336,,,,,6.3,6.3,0,0.0,,,,,,,,,,,,,
2017-04-01,china,51.2,-0.09999999999999432,51.53333333333333,1.2,,1.2,0.966666666666666,,,,,,,,,,,,,,10.6,,10.6,11.000000000000002,,,,,7.6,7.6,0,0.0,,,,,,,,,,,,,
2017-05-01,china,51.2,-0.3999999999999986,51.400000000000006,1.5,,1.5,1.1999999999999993,,,,,,,,,,,,,,10.5,,10.5,10.733333333333334,,,,,6.5,6.5,0,0.0,,,,,,,,,,,,,
2017-06-01,china,51.7,-0.09999999999999432,51.36666666666667,1.5,,1.5,1.3999999999999992,,,,,,,,,,,,,,9.6,,9.6,10.233333333333334,,,,,6.5,6.5,0,0.0,,,,,,,,,,,,,
2017-07-01,china,51.4,0.19999999999999574,51.43333333333334,1.4,,1.4,1.4666666666666661,,,,,,,,,,,,,,9.4,,9.4,9.833333333333336,,,,,7.6,7.6,0,0.0,,,,,,,,,,,,,
2017-08-01,china,51.7,0.5,51.6,1.8,,1.8,1.5666666666666662,,,,,,,,,,,,,,9.2,,9.2,9.400000000000002,,,,,6.4,6.4,0,0.0,,,,,,,,,,,,,
2017-09-01,china,52.4,0.6999999999999957,51.833333333333336,1.6,,1.6,1.5999999999999994,,,,,,,,,,,,,,8.9,,8.9,9.16666666666667,,,,,6.0,6.0,0,0.0,,,,,,,,,,,,,
2017-10-01,china,51.6,0.20000000000000284,51.9,1.9,,1.9,1.766666666666666,,,,,,,,,,,,,,9.2,,9.2,9.100000000000001,,,,,6.6,6.6,0,0.0,,,,,,,,,,,,,
2017-11-01,china,51.8,0.09999999999999432,51.93333333333334,1.7,,1.7,1.7333333333333327,,,,,,,,,,,,,,8.8,,8.8,8.966666666666669,,,,,6.2,6.2,0,0.0,,,,,,,,,,,,,
2017-12-01,china,51.6,-0.7999999999999972,51.666666666666664,1.8,,1.8,1.7999999999999992,,,,,,,,,,,,,,9.1,,9.1,9.033333333333337,,,,,6.1,6.1,0,0.0,,,,,,,,,,,,,
2018-01-01,china,51.3,-0.30000000000000426,51.56666666666666,1.5,,1.5,1.666666666666666,,,,,,,,,,,,,,8.2,,8.2,8.700000000000001,,,,,6.2,6.2,0,0.0,,,,,,,,,,,,,
2018-02-01,china,50.3,-1.5,51.06666666666666,2.9,,2.9,2.066666666666666,,,,,,,,,,,,,,8.6,,8.6,8.633333333333335,,,,,6.2,6.2,31,0.0,,,,,,,,,,,,,
2018-03-01,china,51.5,-0.10000000000000142,51.03333333333333,2.1,,2.1,2.166666666666666,,,,,,,,,,,,,,8.8,,8.8,8.533333333333337,,,,,7.2,7.2,0,0.0,,,,,,,,,,,,,
2018-04-01,china,51.4,0.10000000000000142,51.06666666666666,1.8,,1.8,2.266666666666666,,,,,,,,,,,,,,8.2,,8.2,8.533333333333337,,,,,6.0,6.0,0,0.0,,,,,,,,,,,,,
2018-05-01,china,51.9,1.6000000000000014,51.6,1.8,,1.8,1.8999999999999995,,,,,,,,,,,,,,8.3,,8.3,8.433333333333335,,,,,7.0,7.0,0,0.0,,,,,,,,,,,,,
2018-06-01,china,51.5,0.0,51.6,1.9,,1.9,1.8333333333333328,,,,,,,,,,,,,,8.3,,8.3,8.266666666666671,,,,,6.8,6.8,0,0.0,,,,,,,,,,,,,
2018-07-01,china,51.2,-0.19999999999999574,51.53333333333333,2.1,,2.1,1.933333333333333,,,,,,,,,,,,,,8.0,,8.0,8.200000000000003,,,,,6.0,6.0,0,0.0,,,,,,,,,,,,,
2018-08-01,china,51.3,-0.6000000000000014,51.333333333333336,2.3,,2.3,2.099999999999999,,,,,,,,,,,,,,8.5,,8.5,8.266666666666671,,,,,6.0,6.0,0,0.0,,,,,,,,,,,,,
2018-09-01,china,50.8,-0.7000000000000028,51.099999999999994,2.5,,2.5,2.2999999999999994,,,,,,,,,,,,,,8.2,,8.2,8.233333333333334,,,,,6.1,6.1,0,0.0,,,,,,,,,,,,,
2018-10-01,china,50.2,-1.0,50.76666666666667,2.5,,2.5,2.4333333333333327,,,,,,,,,,,,,,8.3,,8.3,8.333333333333336,,,,,5.8,5.8,0,0.0,,,,,,,,,,,,,
2018-11-01,china,50.0,-1.2999999999999972,50.333333333333336,2.2,,2.2,2.3999999999999995,,,,,,,,,,,,,,8.0,,8.0,8.16666666666667,,,,,5.9,5.9,0,0.0,,,,,,,,,,,,,
2018-12-01,china,49.4,-1.3999999999999986,49.866666666666674,1.9,,1.9,2.1999999999999993,,,,,,,,,,,,,,8.0,,8.0,8.100000000000003,,,,,5.4,5.4,0,0.0,,,,,,,,,,,,,
2019-01-01,china,49.5,-0.7000000000000028,49.633333333333326,1.7,,1.7,1.9333333333333327,,,,,,,,,,,,,,8.1,,8.1,8.033333333333335,,,,,5.7,5.7,0,0.0,,,,,,,,,,,,,
2019-02-01,china,49.2,-0.7999999999999972,49.36666666666667,1.5,,1.5,1.6999999999999993,,,,,,,,,,,,,,8.4,,8.4,8.16666666666667,,,,,5.7,5.7,31,0.0,,,,,,,,,,,,,
2019-03-01,china,50.5,1.1000000000000014,49.73333333333333,2.3,,2.3,1.8333333333333328,,,,,,,,,,,,,,8.0,,8.0,8.16666666666667,,,,,5.3,5.3,0,0.0,,,,,,,,,,,,,
2019-04-01,china,50.1,0.6000000000000014,49.93333333333334,2.5,,2.5,2.099999999999999,,,,,,,,,,,,,,8.6,,8.6,8.333333333333336,,,,,8.5,8.5,0,0.0,,,,,,,,,,,,,
2019-05-01,china,49.4,0.19999999999999574,50.0,2.7,,2.7,2.4999999999999996,,,,,,,,,,,,,,8.5,,8.5,8.366666666666669,,,,,5.4,5.4,0,0.0,,,,,,,,,,,,,
2019-06-01,china,49.4,-1.1000000000000014,49.63333333333333,2.7,,2.7,2.633333333333333,,,,,,,,,,,,,,8.5,,8.5,8.533333333333337,,,,,5.0,5.0,0,0.0,,,,,,,,,,,,,
2019-07-01,china,49.7,-0.3999999999999986,49.5,2.8,,2.8,2.7333333333333325,,,,,,,,,,,,,,8.5,,8.5,8.5,,,,,6.3,6.3,0,0.0,,,,,,,,,,,,,
2019-08-01,china,49.5,0.10000000000000142,49.53333333333333,2.8,,2.8,2.7666666666666657,,,,,,,,,,,,,,8.1,,8.1,8.366666666666669,,,,,4.8,4.8,0,0.0,,,,,,,,,,,,,
2019-09-01,china,49.8,0.3999999999999986,49.666666666666664,3.0,,3.0,2.866666666666666,,,,,,,,,,,,,,8.2,,8.2,8.266666666666667,,,,,4.4,4.4,0,0.0,,,,,,,,,,,,,
2019-10-01,china,49.3,-0.4000000000000057,49.53333333333333,3.8,,3.8,3.1999999999999993,,,,,,,,,,,,,,8.4,,8.4,8.233333333333336,,,,,5.8,5.8,0,0.0,,,,,,,,,,,,,
2019-11-01,china,50.2,0.7000000000000028,49.76666666666667,4.5,,4.5,3.7666666666666657,,,,,,,,,,,,,,8.4,,8.4,8.333333333333336,,,,,5.8,5.8,31,0.0,,,,,,,,,,,,,
2019-12-01,china,50.2,0.4000000000000057,49.9,4.5,,4.5,4.266666666666666,,,,,,,,,,,,,,8.2,,8.2,8.333333333333336,,,,,6.2,6.2,0,0.0,,,,,,,,,,,,,
2020-01-01,china,50.0,0.7000000000000028,50.13333333333333,5.4,,5.4,4.8,,,,,,,,,,,,,,8.7,,8.7,8.433333333333335,,,,,6.9,6.9,0,0.0,,,,,,,,,,,,,
2020-02-01,china,35.7,-14.5,45.300000000000004,5.2,,5.2,5.033333333333332,,,,,,,,,,,,,,8.4,,8.4,8.433333333333335,,,,,6.9,6.9,31,0.0,,,,,,,,,,,,,
2020-03-01,china,52.0,1.7999999999999972,45.900000000000006,4.3,,4.3,4.966666666666666,,,,,,,,,,,,,,8.8,,8.8,8.633333333333336,,,,,-13.5,-13.5,0,0.0,,,,,,,,,,,,,
2020-04-01,china,50.8,0.7999999999999972,46.166666666666664,3.3,,3.3,4.266666666666667,,,,,,,,,,,,,,10.1,,10.1,9.100000000000003,,,,,-1.1,-1.1,0,0.0,,,,,,,,,,,,,
2020-05-01,china,50.6,14.899999999999999,51.133333333333326,2.4,,2.4,3.3333333333333326,,,,,,,,,,,,,,11.1,,11.1,10.000000000000002,,,,,3.9,3.9,0,0.0,,,,,,,,,,,,,
2020-06-01,china,50.9,-1.1000000000000014,50.76666666666666,2.5,,2.5,2.7333333333333325,,,,,,,,,,,,,,11.1,,11.1,10.766666666666667,,,,,4.4,4.4,0,0.0,,,,,,,,,,,,,
2020-07-01,china,51.1,0.30000000000000426,50.866666666666674,2.7,,2.7,2.5333333333333328,,,,,,,,,,,,,,11.1,,11.1,11.1,,,,,4.8,4.8,0,0.0,,,,,,,,,,,,,
2020-08-01,china,51.0,0.3999999999999986,51.0,2.4,,2.4,2.5333333333333328,,,,,,,,,,,,,,10.7,,10.7,10.966666666666669,,,,,4.8,4.8,0,0.0,,,,,,,,,,,,,
2020-09-01,china,51.5,0.6000000000000014,51.199999999999996,1.7,,1.7,2.266666666666666,,,,,,,,,,,,,,10.4,,10.4,10.733333333333334,,,,,5.6,5.6,0,0.0,,,,,,,,,,,,,
2020-10-01,china,51.4,0.29999999999999716,51.300000000000004,0.5,,0.5,1.5333333333333325,,,,,,,,,,,,,,10.9,,10.9,10.66666666666667,,,,,6.9,6.9,0,0.0,,,,,,,,,,,,,
2020-11-01,china,52.1,1.1000000000000014,51.666666666666664,-0.5,,-0.5,0.5666666666666661,,,,,,,,,,,,,,10.5,,10.5,10.600000000000003,,,,,6.9,6.9,31,0.0,,,,,,,,,,,,,
2020-12-01,china,51.9,0.3999999999999986,51.800000000000004,0.2,,0.2,0.06666666666666608,,,,,,,,,,,,,,10.7,,10.7,10.700000000000003,,,,,7.0,7.0,0,0.0,,,,,,,,,,,,,
2021-01-01,china,51.3,-0.10000000000000142,51.76666666666666,-0.3,,-0.3,-0.2000000000000006,,,,,,,,,,,,,,10.1,,10.1,10.433333333333335,,,,,7.3,7.3,0,0.0,,,,,,,,,,,,,
2021-02-01,china,50.6,-1.5,51.26666666666667,-0.2,,-0.2,-0.10000000000000059,,,,,,,,,,,,,,9.4,,9.4,10.066666666666668,,,,,7.3,7.3,31,0.0,,,,,,,,,,,,,
2021-03-01,china,51.9,0.0,51.26666666666666,0.4,,0.4,-0.033333333333333916,,,,,,,,,,,,,,10.1,,10.1,9.866666666666669,,,,,35.1,35.1,0,0.0,,,,,,,,,,,,,
2021-04-01,china,51.1,-0.19999999999999574,51.20000000000001,0.9,,0.9,0.3666666666666661,,,,,,,,,,,,,,9.4,,9.4,9.633333333333335,,,,,14.1,14.1,0,0.0,,,,,,,,,,,,,
2021-05-01,china,51.0,0.3999999999999986,51.333333333333336,1.3,,1.3,0.8666666666666659,,,,,,,,,,,,,,8.1,,8.1,9.200000000000003,,,,,9.8,9.8,0,0.0,,,,,,,,,,,,,
2021-06-01,china,50.9,-1.0,51.0,1.1,,1.1,1.0999999999999994,,,,,,,,,,,,,,8.3,,8.3,8.600000000000001,,,,,8.8,8.8,0,0.0,,,,,,,,,,,,,
2021-07-01,china,50.4,-0.7000000000000028,50.76666666666667,1.0,,1.0,1.1333333333333326,,,,,,,,,,,,,,8.6,,8.6,8.333333333333336,,,,,8.3,8.3,0,0.0,,,,,,,,,,,,,
2021-08-01,china,50.1,-0.8999999999999986,50.46666666666667,0.8,,0.8,0.966666666666666,,,,,,,,,,,,,,8.3,,8.3,8.400000000000002,,,,,6.4,6.4,0,0.0,,,,,,,,,,,,,
2021-09-01,china,49.6,-1.2999999999999972,50.03333333333333,0.7,,0.7,0.8333333333333327,,,,,,,,,,,,,,8.2,,8.2,8.366666666666669,,,,,5.3,5.3,0,0.0,,,,,,,,,,,,,
2021-10-01,china,49.2,-1.1999999999999957,49.63333333333333,1.5,,1.5,0.9999999999999994,,,,,,,,,,,,,,8.3,,8.3,8.26666666666667,,,,,3.1,3.1,0,0.0,,,,,,,,,,,,,
2021-11-01,china,50.1,0.0,49.63333333333333,2.3,,2.3,1.4999999999999993,,,,,,,,,,,,,,8.7,,8.7,8.400000000000002,,,,,3.5,3.5,0,0.0,,,,,,,,,,,,,
2021-12-01,china,50.3,0.6999999999999957,49.86666666666667,1.5,,1.5,1.766666666666666,,,,,,,,,,,,,,8.5,,8.5,8.500000000000002,,,,,3.8,3.8,0,0.0,,,,,,,,,,,,,
2022-01-01,china,50.1,0.8999999999999986,50.166666666666664,0.9,,0.9,1.5666666666666662,,,,,,,,,,,,,,9.0,,9.0,8.733333333333336,,,,,4.3,4.3,0,0.0,,,,,,,,,,,,,
2022-02-01,china,50.2,0.10000000000000142,50.20000000000001,0.9,,0.9,1.0999999999999994,,,,,,,,,,,,,,9.8,,9.8,9.100000000000003,,,,,4.3,4.3,31,0.0,,,,,,,,,,,,,
2022-03-01,china,49.5,-0.7999999999999972,49.93333333333334,1.5,,1.5,1.0999999999999994,,,,,,,,,,,,,,9.2,,9.2,9.333333333333336,,,,,7.5,7.5,0,0.0,,,,,,,,,,,,,
2022-04-01,china,47.4,-2.700000000000003,49.03333333333333,2.1,,2.1,1.4999999999999993,,,,,,,,,,,,,,9.7,,9.7,9.566666666666668,,,,,5.0,5.0,0,0.0,,,,,,,,,,,,,
2022-05-01,china,49.6,-0.6000000000000014,48.833333333333336,2.1,,2.1,1.8999999999999995,,,,,,,,,,,,,,10.5,,10.5,9.800000000000002,,,,,-2.9,-2.9,0,0.0,,,,,,,,,,,,,
2022-06-01,china,50.2,0.7000000000000028,49.06666666666666,2.5,,2.5,2.233333333333333,,,,,,,,,,,,,,11.1,,11.1,10.433333333333335,,,,,0.7,0.7,0,0.0,,,,,,,,,,,,,
2022-07-01,china,49.0,1.6000000000000014,49.6,2.7,,2.7,2.433333333333333,,,,,,,,,,,,,,11.4,,11.4,11.000000000000002,,,,,3.9,3.9,0,0.0,,,,,,,,,,,,,
2022-08-01,china,49.4,-0.20000000000000284,49.53333333333333,2.5,,2.5,2.5666666666666664,,,,,,,,,,,,,,12.0,,12.0,11.500000000000002,,,,,3.8,3.8,0,0.0,,,,,,,,,,,,,
2022-09-01,china,50.1,-0.10000000000000142,49.5,2.8,,2.8,2.6666666666666665,,,,,,,,,,,,,,12.2,,12.2,11.866666666666669,,,,,4.2,4.2,0,0.0,,,,,,,,,,,,,
2022-10-01,china,49.2,0.20000000000000284,49.56666666666666,2.1,,2.1,2.4666666666666663,,,,,,,,,,,,,,12.1,,12.1,12.100000000000001,,,,,6.3,6.3,0,0.0,,,,,,,,,,,,,
2022-11-01,china,48.0,-1.3999999999999986,49.1,1.6,,1.6,2.1666666666666665,,,,,,,,,,,,,,11.8,,11.8,12.033333333333337,,,,,5.0,5.0,0,0.0,,,,,,,,,,,,,
2022-12-01,china,47.0,-3.1000000000000014,48.06666666666666,1.8,,1.8,1.833333333333333,,,,,,,,,,,,,,12.4,,12.4,12.100000000000003,,,,,2.2,2.2,0,0.0,,,,,,,,,,,,,
2023-01-01,china,50.1,0.8999999999999986,48.36666666666667,2.1,,2.1,1.8333333333333328,,,,,,,,,,,,,,11.8,,11.8,12.000000000000002,,,,,1.3,1.3,0,0.0,,,,,,,,,,,,,
2023-02-01,china,52.6,4.600000000000001,49.9,1.0,,1.0,1.6333333333333329,,,,,,,,,,,,,,12.6,,12.6,12.266666666666671,,,,,1.3,1.3,31,0.0,,,,,,,,,,,,,
2023-03-01,china,51.9,4.899999999999999,51.53333333333333,0.7,,0.7,1.2666666666666664,,,,,,,,,,,,,,12.9,,12.9,12.433333333333337,,,,,2.4,2.4,0,0.0,,,,,,,,,,,,,
2023-04-01,china,49.2,-0.8999999999999986,51.23333333333334,0.1,,0.1,0.5999999999999994,,,,,,,,,,,,,,12.7,,12.7,12.733333333333334,,,,,3.9,3.9,0,0.0,,,,,,,,,,,,,
2023-05-01,china,48.8,-3.8000000000000043,49.96666666666667,0.2,,0.2,0.33333333333333276,,,,,,,,,,,,,,12.4,,12.4,12.66666666666667,,,,,5.6,5.6,0,0.0,,,,,,,,,,,,,
2023-06-01,china,49.0,-2.8999999999999986,49.0,0.0,,0.0,0.09999999999999942,,,,,,,,,,,,,,11.6,,11.6,12.233333333333334,,,,,3.5,3.5,0,0.0,,,,,,,,,,,,,
2023-07-01,china,49.3,0.09999999999999432,49.03333333333333,-0.3,,-0.3,-0.03333333333333393,,,,,,,,,,,,,,11.3,,11.3,11.766666666666671,,,,,4.4,4.4,0,0.0,,,,,,,,,,,,,
2023-08-01,china,49.7,0.9000000000000057,49.333333333333336,0.1,,0.1,-0.06666666666666728,,,,,,,,,,,,,,10.7,,10.7,11.200000000000003,,,,,3.7,3.7,0,0.0,,,,,,,,,,,,,
2023-09-01,china,50.2,1.2000000000000028,49.73333333333333,0.0,,0.0,-0.06666666666666726,,,,,,,,,,,,,,10.6,,10.6,10.866666666666669,,,,,4.5,4.5,0,0.0,,,,,,,,,,,,,
2023-10-01,china,49.5,0.20000000000000284,49.800000000000004,-0.2,,-0.2,-0.03333333333333394,,,,,,,,,,,,,,10.3,,10.3,10.533333333333337,,,,,4.5,4.5,0,0.0,,,,,,,,,,,,,
2023-11-01,china,49.4,-0.30000000000000426,49.699999999999996,-0.5,,-0.5,-0.23333333333333395,,,,,,,,,,,,,,10.3,,10.3,10.400000000000004,,,,,4.6,4.6,0,0.0,,,,,,,,,,,,,
2023-12-01,china,49.0,-1.2000000000000028,49.300000000000004,-0.3,,-0.3,-0.3333333333333339,,,,,,,,,,,,,,10.0,,10.0,10.200000000000003,,,,,6.6,6.6,0,0.0,,,,,,,,,,,,,
2024-01-01,china,49.2,-0.29999999999999716,49.20000000000001,-0.8,,-0.8,-0.533333333333334,,,,,,,,,,,,,,9.7,,9.7,10.000000000000002,,,,,6.8,6.8,0,0.0,,,,,,,,,,,,,
2024-02-01,china,49.1,-0.29999999999999716,49.1,0.7,,0.7,-0.13333333333333397,,,,,,,,,,,,,,8.7,,8.7,9.466666666666669,,,,,6.8,6.8,31,0.0,,,,,,,,,,,,,
2024-03-01,china,50.8,1.7999999999999972,49.699999999999996,0.1,,0.1,-6.38378239159465e-16,,,,,,,,,,,,,,8.7,,8.7,9.033333333333333,,,,,7.0,7.0,0,0.0,,,,,,,,,,,,,
2024-04-01,china,50.4,1.1999999999999957,50.1,0.3,,0.3,0.36666666666666603,,,,,,,,,,,,,,8.3,,8.3,8.56666666666667,,,,,4.5,4.5,0,0.0,,,,,,,,,,,,,
2024-05-01,china,49.5,0.3999999999999986,50.23333333333333,0.3,,0.3,0.23333333333333273,,,,,,,,,,,,,,7.2,,7.2,8.066666666666668,,,,,6.7,6.7,0,0.0,,,,,,,,,,,,,
2024-06-01,china,49.5,-1.2999999999999972,49.79999999999999,0.2,,0.2,0.2666666666666661,,,,,,,,,,,,,,7.0,,7.0,7.500000000000003,,,,,5.6,5.6,0,0.0,,,,,,,,,,,,,
2024-07-01,china,49.4,-1.0,49.46666666666667,0.5,,0.5,0.33333333333333276,,,,,,,,,,,,,,6.2,,6.2,6.800000000000002,,,,,5.3,5.3,0,0.0,,,,,,,,,,,,,
2024-08-01,china,49.1,-0.3999999999999986,49.333333333333336,0.6,,0.6,0.4333333333333327,,,,,,,,,,,,,,6.3,,6.3,6.500000000000003,,,,,5.1,5.1,0,0.0,,,,,,,,,,,,,
2024-09-01,china,49.8,0.29999999999999716,49.43333333333334,0.4,,0.4,0.4999999999999994,,,,,,,,,,,,,,6.3,,6.3,6.266666666666669,,,,,4.5,4.5,0,0.0,,,,,,,,,,,,,
2024-10-01,china,50.1,0.7000000000000028,49.666666666666664,0.3,,0.3,0.4333333333333327,,,,,,,,,,,,,,6.8,,6.8,6.466666666666669,,,,,5.4,5.4,0,0.0,,,,,,,,,,,,,
2024-11-01,china,50.3,1.1999999999999957,50.06666666666666,0.2,,0.2,0.2999999999999994,,,,,,,,,,,,,,7.5,,7.5,6.866666666666668,,,,,5.3,5.3,0,0.0,,,,,,,,,,,,,
2024-12-01,china,50.1,0.30000000000000426,50.166666666666664,0.1,,0.1,0.19999999999999937,,,,,,,,,,,,,,7.1,,7.1,7.1333333333333355,,,,,5.4,5.4,0,0.0,,,,,,,,,,,,,
2025-01-01,china,49.1,-1.0,49.833333333333336,0.5,,0.5,0.266666666666666,,,,,,,,,,,,,,7.3,,7.3,7.300000000000002,,,,,6.2,6.2,0,0.0,,,,,,,,,,,,,
2025-02-01,china,50.2,-0.09999999999999432,49.800000000000004,-0.7,,-0.7,-0.03333333333333396,,,,,,,,,,,,,,7.0,,7.0,7.1333333333333355,,,,,6.2,6.2,31,0.0,,,,,,,,,,,,,
2025-03-01,china,50.5,0.3999999999999986,49.93333333333334,-0.1,,-0.1,-0.10000000000000064,,,,,,,,,,,1.8129,,,7.0,,7.0,7.100000000000002,,,,,5.9,5.9,0,0.0,,,,,,,,,,,1.8129,,
2025-04-01,china,49.0,-0.10000000000000142,49.900000000000006,-0.1,,-0.1,-0.30000000000000066,,,,,,,,1.71,,,1.6243,,,7.0,,7.0,7.0,,,,,7.7,7.7,0,0.0,,,,,,,,1.71,,,1.6243,,
2025-05-01,china,49.5,-0.7000000000000028,49.666666666666664,-0.1,,-0.1,-0.1,,,,,,,,1.63,,,1.6712,,1.7027999999999999,8.0,,8.0,7.333333333333336,,,,,6.1,6.1,0,0.0,,,,,,,,1.63,,,1.6712,,1.7027999999999999
2025-06-01,china,49.7,-0.7999999999999972,49.4,0.1,,0.1,-0.03333333333333399,,,,,,,,1.57,,1.6366666666666667,1.6469,-0.16599999999999993,1.6474666666666666,7.9,,7.9,7.6333333333333355,,,,,5.8,5.8,0,0.0,,,,,,,,1.57,,1.6366666666666667,1.6469,-0.16599999999999993,1.6474666666666666
2025-07-01,china,49.3,0.29999999999999716,49.5,0.0,,0.0,-6.56881956236551e-16,,,,,,,,1.5,-0.20999999999999996,1.5666666666666667,1.7044,0.08009999999999984,1.6741666666666666,8.3,,8.3,8.06666666666667,,,,,6.8,6.8,0,0.0,,,,,,,,1.5,-0.20999999999999996,1.5666666666666667,1.7044,0.08009999999999984,1.6741666666666666
2025-08-01,china,49.4,-0.10000000000000142,49.46666666666666,-0.4,,-0.4,-0.10000000000000066,,,,,,,,1.5,-0.1299999999999999,1.5233333333333334,1.8379,0.16670000000000007,1.7297333333333331,8.8,,8.8,8.333333333333336,,,,,5.7,5.7,0,0.0,,,,,,,,1.5,-0.1299999999999999,1.5233333333333334,1.8379,0.16670000000000007,1.7297333333333331
2025-09-01,china,49.8,0.09999999999999432,49.5,-0.3,,-0.3,-0.23333333333333398,,,,,,,,1.53,-0.040000000000000036,1.5099999999999998,1.8605,0.2136,1.8009333333333333,8.8,,8.8,8.633333333333338,,,,,5.7,5.7,31,31.0,,,,,,,,1.53,-0.040000000000000036,1.5099999999999998,1.8605,0.2136,1.8009333333333333
2025-10-01,china,49.0,-0.29999999999999716,49.4,0.2,,0.2,-0.16666666666666732,,,,,,,,1.48,-0.020000000000000018,1.5033333333333332,1.7954,0.09100000000000019,1.8312666666666668,8.8,,8.8,8.8,,,,,5.7,5.7,61,61.0,,,,,,,,1.48,-0.020000000000000018,1.5033333333333332,1.7954,0.09100000000000019,1.8312666666666668
2025-11-01,china,49.2,-0.19999999999999574,49.333333333333336,0.7,,0.7,0.19999999999999932,,,,,,,,1.51,0.010000000000000009,1.5066666666666666,1.8412,0.0032999999999998586,1.8323666666666665,8.8,,8.8,8.8,,,,,5.7,5.7,92,92.0,,,,,,,,1.51,0.010000000000000009,1.5066666666666666,1.8412,0.0032999999999998586,1.8323666666666665
2025-12-01,china,50.1,0.30000000000000426,49.43333333333334,0.8,,0.8,0.566666666666666,,,,,,,,1.53,0.0,1.5066666666666666,1.8473,-0.0132000000000001,1.8279666666666667,8.8,,8.8,8.8,,,,,5.7,5.7,122,122.0,,,,,,,,1.53,0.0,1.5066666666666666,1.8473,-0.0132000000000001,1.8279666666666667
2026-01-01,china,49.3,0.29999999999999716,49.53333333333333,0.2,,0.2,0.566666666666666,,,,,,,,1.55,0.07000000000000006,1.53,1.8112,0.015799999999999814,1.8332333333333333,8.8,,8.8,8.8,,,,,5.7,5.7,153,153.0,,,,,,,,1.55,0.07000000000000006,1.53,1.8112,0.015799999999999814,1.8332333333333333
2026-02-01,china,49.0,-0.20000000000000284,49.46666666666667,1.3,,1.3,0.766666666666666,,,,,,,,1.4,-0.1100000000000001,1.4933333333333334,1.7753,-0.06589999999999985,1.8112666666666666,8.8,,8.8,8.8,,,,,5.7,5.7,184,184.0,,,,,,,,1.4,-0.1100000000000001,1.4933333333333334,1.7753,-0.06589999999999985,1.8112666666666666
2026-03-01,china,49.0,-1.1000000000000014,49.1,1.3,,1.3,0.9333333333333327,,,,,,,,1.49,-0.040000000000000036,1.4799999999999998,1.8299,-0.01739999999999986,1.8054666666666668,8.8,,8.8,8.8,,,,,5.7,5.7,212,212.0,,,,,,,,1.49,-0.040000000000000036,1.4799999999999998,1.8299,-0.01739999999999986,1.8054666666666668
