date,country,buffett_indicator,real_yield,term_spread,equity_risk_proxy,credit_spread_proxy,earnings_yield_proxy,hs300_pe_proxy,hs300_pb_proxy,equity_pe_proxy,shiller_pe_proxy,equity_pb_proxy,real_yield_proxy,valuation_method,valuation_score,valuation_regime,valuation_confidence,valuation_inputs_used,valuation_inputs_missing
1990-03-01,china,,,,,,,,,,,,,research_proxy_cn,,unknown,low,,"equity_pe_proxy,shiller_pe_proxy,equity_pb_proxy,real_yield_proxy,term_spread,equity_risk_proxy"
1990-04-01,china,,,,,,,,,,,,,research_proxy_cn,,unknown,low,,"equity_pe_proxy,shiller_pe_proxy,equity_pb_proxy,real_yield_proxy,term_spread,equity_risk_proxy"
1990-05-01,china,,,,,,,,,,,,,research_proxy_cn,,unknown,low,,"equity_pe_proxy,shiller_pe_proxy,equity_pb_proxy,real_yield_proxy,term_spread,equity_risk_proxy"
1990-06-01,china,,,,,,,,,,,,,research_proxy_cn,,unknown,low,,"equity_pe_proxy,shiller_pe_proxy,equity_pb_proxy,real_yield_proxy,term_spread,equity_risk_proxy"
1990-07-01,china,,,,,,,,,,,,,research_proxy_cn,,unknown,low,,"equity_pe_proxy,shiller_pe_proxy,equity_pb_proxy,real_yield_proxy,term_spread,equity_risk_proxy"
1990-08-01,china,,,,,,,,,,,,,research_proxy_cn,,unknown,low,,"equity_pe_proxy,shiller_pe_proxy,equity_pb_proxy,real_yield_proxy,term_spread,equity_risk_proxy"
1990-09-01,china,,,,,,,,,,,,,research_proxy_cn,,unknown,low,,"equity_pe_proxy,shiller_pe_proxy,equity_pb_proxy,real_yield_proxy,term_spread,equity_risk_proxy"
1990-10-01,china,,,,,,,,,,,,,research_proxy_cn,,unknown,low,,"equity_pe_proxy,shiller_pe_proxy,equity_pb_proxy,real_yield_proxy,term_spread,equity_risk_proxy"
1990-11-01,china,,,,,,,,,,,,,research_proxy_cn,,unknown,low,,"equity_pe_proxy,shiller_pe_proxy,equity_pb_proxy,real_yield_proxy,term_spread,equity_risk_proxy"
1990-12-01,china,,,,,,,,,,,,,research_proxy_cn,,unknown,low,,"equity_pe_proxy,shiller_pe_proxy,equity_pb_proxy,real_yield_proxy,term_spread,equity_risk_proxy"
1991-01-01,china,,,,,,,,,,,,,research_proxy_cn,,unknown,low,,"equity_pe_proxy,shiller_pe_proxy,equity_pb_proxy,real_yield_proxy,term_spread,equity_risk_proxy"
1991-02-01,china,,,,,,,,,,,,,research_proxy_cn,,unknown,low,,"equity_pe_proxy,shiller_pe_proxy,equity_pb_proxy,real_yield_proxy,term_spread,equity_risk_proxy"
1991-03-01,china,,,,,,,,,,,,,research_proxy_cn,,unknown,low,,"equity_pe_proxy,shiller_pe_proxy,equity_pb_proxy,real_yield_proxy,term_spread,equity_risk_proxy"
1991-04-01,china,,,,,,,,,,,,,research_proxy_cn,,unknown,low,,"equity_pe_proxy,shiller_pe_proxy,equity_pb_proxy,real_yield_proxy,term_spread,equity_risk_proxy"
1991-05-01,china,,,,,,,,,,,,,research_proxy_cn,,unknown,low,,"equity_pe_proxy,shiller_pe_proxy,equity_pb_proxy,real_yield_proxy,term_spread,equity_risk_proxy"
1991-06-01,china,,,,,,,,,,,,,research_proxy_cn,,unknown,low,,"equity_pe_proxy,shiller_pe_proxy,equity_pb_proxy,real_yield_proxy,term_spread,equity_risk_proxy"
1991-07-01,china,,,,,,,,,,,,,research_proxy_cn,,unknown,low,,"equity_pe_proxy,shiller_pe_proxy,equity_pb_proxy,real_yield_proxy,term_spread,equity_risk_proxy"
1991-08-01,china,,,,,,,,,,,,,research_proxy_cn,,unknown,low,,"equity_pe_proxy,shiller_pe_proxy,equity_pb_proxy,real_yield_proxy,term_spread,equity_risk_proxy"
1991-09-01,china,,,,,,,,,,,,,research_proxy_cn,,unknown,low,,"equity_pe_proxy,shiller_pe_proxy,equity_pb_proxy,real_yield_proxy,term_spread,equity_risk_proxy"
1991-10-01,china,,,,,,,,,,,,,research_proxy_cn,,unknown,low,,"equity_pe_proxy,shiller_pe_proxy,equity_pb_proxy,real_yield_proxy,term_spread,equity_risk_proxy"
1991-11-01,china,,,,,,,,,,,,,research_proxy_cn,,unknown,low,,"equity_pe_proxy,shiller_pe_proxy,equity_pb_proxy,real_yield_proxy,term_spread,equity_risk_proxy"
1991-12-01,china,,,,,,,,,,,,,research_proxy_cn,,unknown,low,,"equity_pe_proxy,shiller_pe_proxy,equity_pb_proxy,real_yield_proxy,term_spread,equity_risk_proxy"
1992-01-01,china,,,,,,,,,,,,,research_proxy_cn,,unknown,low,,"equity_pe_proxy,shiller_pe_proxy,equity_pb_proxy,real_yield_proxy,term_spread,equity_risk_proxy"
1992-02-01,china,,,,,,,,,,,,,research_proxy_cn,,unknown,low,,"equity_pe_proxy,shiller_pe_proxy,equity_pb_proxy,real_yield_proxy,term_spread,equity_risk_proxy"
1992-03-01,china,,,,,,,,,,,,,research_proxy_cn,,unknown,low,,"equity_pe_proxy,shiller_pe_proxy,equity_pb_proxy,real_yield_proxy,term_spread,equity_risk_proxy"
1992-04-01,china,,,,,,,,,,,,,research_proxy_cn,,unknown,low,,"equity_pe_proxy,shiller_pe_proxy,equity_pb_proxy,real_yield_proxy,term_spread,equity_risk_proxy"
1992-05-01,china,,,,,,,,,,,,,research_proxy_cn,,unknown,low,,"equity_pe_proxy,shiller_pe_proxy,equity_pb_proxy,real_yield_proxy,term_spread,equity_risk_proxy"
1992-06-01,china,,,,,,,,,,,,,research_proxy_cn,,unknown,low,,"equity_pe_proxy,shiller_pe_proxy,equity_pb_proxy,real_yield_proxy,term_spread,equity_risk_proxy"
1992-07-01,china,,,,,,,,,,,,,research_proxy_cn,,unknown,low,,"equity_pe_proxy,shiller_pe_proxy,equity_pb_proxy,real_yield_proxy,term_spread,equity_risk_proxy"
1992-08-01,china,,,,,,,,,,,,,research_proxy_cn,,unknown,low,,"equity_pe_proxy,shiller_pe_proxy,equity_pb_proxy,real_yield_proxy,term_spread,equity_risk_proxy"
1992-09-01,china,,,,,,,,,,,,,research_proxy_cn,,unknown,low,,"equity_pe_proxy,shiller_pe_proxy,equity_pb_proxy,real_yield_proxy,term_spread,equity_risk_proxy"
1992-10-01,china,,,,,,,,,,,,,research_proxy_cn,,unknown,low,,"equity_pe_proxy,shiller_pe_proxy,equity_pb_proxy,real_yield_proxy,term_spread,equity_risk_proxy"
1992-11-01,china,,,,,,,,,,,,,research_proxy_cn,,unknown,low,,"equity_pe_proxy,shiller_pe_proxy,equity_pb_proxy,real_yield_proxy,term_spread,equity_risk_proxy"
1992-12-01,china,,,,,,,,,,,,,research_proxy_cn,,unknown,low,,"equity_pe_proxy,shiller_pe_proxy,equity_pb_proxy,real_yield_proxy,term_spread,equity_risk_proxy"
1993-01-01,china,,,,,,,,,,,,,research_proxy_cn,,unknown,low,,"equity_pe_proxy,shiller_pe_proxy,equity_pb_proxy,real_yield_proxy,term_spread,equity_risk_proxy"
1993-02-01,china,,,,,,,,,,,,,research_proxy_cn,,unknown,low,,"equity_pe_proxy,shiller_pe_proxy,equity_pb_proxy,real_yield_proxy,term_spread,equity_risk_proxy"
1993-03-01,china,,,,,,,,,,,,,research_proxy_cn,,unknown,low,,"equity_pe_proxy,shiller_pe_proxy,equity_pb_proxy,real_yield_proxy,term_spread,equity_risk_proxy"
1993-04-01,china,,,,,,,,,,,,,research_proxy_cn,,unknown,low,,"equity_pe_proxy,shiller_pe_proxy,equity_pb_proxy,real_yield_proxy,term_spread,equity_risk_proxy"
1993-05-01,china,,,,,,,,,,,,,research_proxy_cn,,unknown,low,,"equity_pe_proxy,shiller_pe_proxy,equity_pb_proxy,real_yield_proxy,term_spread,equity_risk_proxy"
1993-06-01,china,,,,,,,,,,,,,research_proxy_cn,,unknown,low,,"equity_pe_proxy,shiller_pe_proxy,equity_pb_proxy,real_yield_proxy,term_spread,equity_risk_proxy"
1993-07-01,china,,,,,,,,,,,,,research_proxy_cn,,unknown,low,,"equity_pe_proxy,shiller_pe_proxy,equity_pb_proxy,real_yield_proxy,term_spread,equity_risk_proxy"
1993-08-01,china,,,,,,,,,,,,,research_proxy_cn,,unknown,low,,"equity_pe_proxy,shiller_pe_proxy,equity_pb_proxy,real_yield_proxy,term_spread,equity_risk_proxy"
1993-09-01,china,,,,,,,,,,,,,research_proxy_cn,,unknown,low,,"equity_pe_proxy,shiller_pe_proxy,equity_pb_proxy,real_yield_proxy,term_spread,equity_risk_proxy"
1993-10-01,china,,,,,,,,,,,,,research_proxy_cn,,unknown,low,,"equity_pe_proxy,shiller_pe_proxy,equity_pb_proxy,real_yield_proxy,term_spread,equity_risk_proxy"
1993-11-01,china,,,,,,,,,,,,,research_proxy_cn,,unknown,low,,"equity_pe_proxy,shiller_pe_proxy,equity_pb_proxy,real_yield_proxy,term_spread,equity_risk_proxy"
1993-12-01,china,,,,,,,,,,,,,research_proxy_cn,,unknown,low,,"equity_pe_proxy,shiller_pe_proxy,equity_pb_proxy,real_yield_proxy,term_spread,equity_risk_proxy"
1994-01-01,china,,,,,,,,,,,,,research_proxy_cn,,unknown,low,,"equity_pe_proxy,shiller_pe_proxy,equity_pb_proxy,real_yield_proxy,term_spread,equity_risk_proxy"
1994-02-01,china,,,,,,,,,,,,,research_proxy_cn,,unknown,low,,"equity_pe_proxy,shiller_pe_proxy,equity_pb_proxy,real_yield_proxy,term_spread,equity_risk_proxy"
1994-03-01,china,,,,,,,,,,,,,research_proxy_cn,,unknown,low,,"equity_pe_proxy,shiller_pe_proxy,equity_pb_proxy,real_yield_proxy,term_spread,equity_risk_proxy"
1994-04-01,china,,,,,,,,,,,,,research_proxy_cn,,unknown,low,,"equity_pe_proxy,shiller_pe_proxy,equity_pb_proxy,real_yield_proxy,term_spread,equity_risk_proxy"
1994-05-01,china,,,,,,,,,,,,,research_proxy_cn,,unknown,low,,"equity_pe_proxy,shiller_pe_proxy,equity_pb_proxy,real_yield_proxy,term_spread,equity_risk_proxy"
1994-06-01,china,,,,,,,,,,,,,research_proxy_cn,,unknown,low,,"equity_pe_proxy,shiller_pe_proxy,equity_pb_proxy,real_yield_proxy,term_spread,equity_risk_proxy"
1994-07-01,china,,,,,,,,,,,,,research_proxy_cn,,unknown,low,,"equity_pe_proxy,shiller_pe_proxy,equity_pb_proxy,real_yield_proxy,term_spread,equity_risk_proxy"
1994-08-01,china,,,,,,,,,,,,,research_proxy_cn,,unknown,low,,"equity_pe_proxy,shiller_pe_proxy,equity_pb_proxy,real_yield_proxy,term_spread,equity_risk_proxy"
1994-09-01,china,,,,,,,,,,,,,research_proxy_cn,,unknown,low,,"equity_pe_proxy,shiller_pe_proxy,equity_pb_proxy,real_yield_proxy,term_spread,equity_risk_proxy"
1994-10-01,china,,,,,,,,,,,,,research_proxy_cn,,unknown,low,,"equity_pe_proxy,shiller_pe_proxy,equity_pb_proxy,real_yield_proxy,term_spread,equity_risk_proxy"
1994-11-01,china,,,,,,,,,,,,,research_proxy_cn,,unknown,low,,"equity_pe_proxy,shiller_pe_proxy,equity_pb_proxy,real_yield_proxy,term_spread,equity_risk_proxy"
1994-12-01,china,,,,,,,,,,,,,research_proxy_cn,,unknown,low,,"equity_pe_proxy,shiller_pe_proxy,equity_pb_proxy,real_yield_proxy,term_spread,equity_risk_proxy"
1995-01-01,china,,,,,,,,,,,,,research_proxy_cn,,unknown,low,,"equity_pe_proxy,shiller_pe_proxy,equity_pb_proxy,real_yield_proxy,term_spread,equity_risk_proxy"
1995-02-01,china,,,,,,,,,,,,,research_proxy_cn,,unknown,low,,"equity_pe_proxy,shiller_pe_proxy,equity_pb_proxy,real_yield_proxy,term_spread,equity_risk_proxy"
1995-03-01,china,,,,,,,,,,,,,research_proxy_cn,,unknown,low,,"equity_pe_proxy,shiller_pe_proxy,equity_pb_proxy,real_yield_proxy,term_spread,equity_risk_proxy"
1995-04-01,china,,,,,,,,,,,,,research_proxy_cn,,unknown,low,,"equity_pe_proxy,shiller_pe_proxy,equity_pb_proxy,real_yield_proxy,term_spread,equity_risk_proxy"
1995-05-01,china,,,,,,,,,,,,,research_proxy_cn,,unknown,low,,"equity_pe_proxy,shiller_pe_proxy,equity_pb_proxy,real_yield_proxy,term_spread,equity_risk_proxy"
1995-06-01,china,,,,,,,,,,,,,research_proxy_cn,,unknown,low,,"equity_pe_proxy,shiller_pe_proxy,equity_pb_proxy,real_yield_proxy,term_spread,equity_risk_proxy"
1995-07-01,china,,,,,,,,,,,,,research_proxy_cn,,unknown,low,,"equity_pe_proxy,shiller_pe_proxy,equity_pb_proxy,real_yield_proxy,term_spread,equity_risk_proxy"
1995-08-01,china,,,,,,,,,,,,,research_proxy_cn,,unknown,low,,"equity_pe_proxy,shiller_pe_proxy,equity_pb_proxy,real_yield_proxy,term_spread,equity_risk_proxy"
1995-09-01,china,,,,,,,,,,,,,research_proxy_cn,,unknown,low,,"equity_pe_proxy,shiller_pe_proxy,equity_pb_proxy,real_yield_proxy,term_spread,equity_risk_proxy"
1995-10-01,china,,,,,,,,,,,,,research_proxy_cn,,unknown,low,,"equity_pe_proxy,shiller_pe_proxy,equity_pb_proxy,real_yield_proxy,term_spread,equity_risk_proxy"
1995-11-01,china,,,,,,,,,,,,,research_proxy_cn,,unknown,low,,"equity_pe_proxy,shiller_pe_proxy,equity_pb_proxy,real_yield_proxy,term_spread,equity_risk_proxy"
1995-12-01,china,,,,,,,,,,,,,research_proxy_cn,,unknown,low,,"equity_pe_proxy,shiller_pe_proxy,equity_pb_proxy,real_yield_proxy,term_spread,equity_risk_proxy"
1996-01-01,china,,,,,,,,,,,,,research_proxy_cn,,unknown,low,,"equity_pe_proxy,shiller_pe_proxy,equity_pb_proxy,real_yield_proxy,term_spread,equity_risk_proxy"
1996-02-01,china,,,,,,,,,,,,,research_proxy_cn,,unknown,low,,"equity_pe_proxy,shiller_pe_proxy,equity_pb_proxy,real_yield_proxy,term_spread,equity_risk_proxy"
1996-03-01,china,,,,,,,,,,,,,research_proxy_cn,,unknown,low,,"equity_pe_proxy,shiller_pe_proxy,equity_pb_proxy,real_yield_proxy,term_spread,equity_risk_proxy"
1996-04-01,china,,,,,,,,,,,,,research_proxy_cn,,unknown,low,,"equity_pe_proxy,shiller_pe_proxy,equity_pb_proxy,real_yield_proxy,term_spread,equity_risk_proxy"
1996-05-01,china,,,,,,,,,,,,,research_proxy_cn,,unknown,low,,"equity_pe_proxy,shiller_pe_proxy,equity_pb_proxy,real_yield_proxy,term_spread,equity_risk_proxy"
1996-06-01,china,,,,,,,,,,,,,research_proxy_cn,,unknown,low,,"equity_pe_proxy,shiller_pe_proxy,equity_pb_proxy,real_yield_proxy,term_spread,equity_risk_proxy"
1996-07-01,china,,,,,,,,,,,,,research_proxy_cn,,unknown,low,,"equity_pe_proxy,shiller_pe_proxy,equity_pb_proxy,real_yield_proxy,term_spread,equity_risk_proxy"
1996-08-01,china,,,,,,,,,,,,,research_proxy_cn,,unknown,low,,"equity_pe_proxy,shiller_pe_proxy,equity_pb_proxy,real_yield_proxy,term_spread,equity_risk_proxy"
1996-09-01,china,,,,,,,,,,,,,research_proxy_cn,,unknown,low,,"equity_pe_proxy,shiller_pe_proxy,equity_pb_proxy,real_yield_proxy,term_spread,equity_risk_proxy"
1996-10-01,china,,,,,,,,,,,,,research_proxy_cn,,unknown,low,,"equity_pe_proxy,shiller_pe_proxy,equity_pb_proxy,real_yield_proxy,term_spread,equity_risk_proxy"
1996-11-01,china,,,,,,,,,,,,,research_proxy_cn,,unknown,low,,"equity_pe_proxy,shiller_pe_proxy,equity_pb_proxy,real_yield_proxy,term_spread,equity_risk_proxy"
1996-12-01,china,,,,,,,,,,,,,research_proxy_cn,,unknown,low,,"equity_pe_proxy,shiller_pe_proxy,equity_pb_proxy,real_yield_proxy,term_spread,equity_risk_proxy"
1997-01-01,china,,,,,,,,,,,,,research_proxy_cn,,unknown,low,,"equity_pe_proxy,shiller_pe_proxy,equity_pb_proxy,real_yield_proxy,term_spread,equity_risk_proxy"
1997-02-01,china,,,,,,,,,,,,,research_proxy_cn,,unknown,low,,"equity_pe_proxy,shiller_pe_proxy,equity_pb_proxy,real_yield_proxy,term_spread,equity_risk_proxy"
1997-03-01,china,,,,,,,,,,,,,research_proxy_cn,,unknown,low,,"equity_pe_proxy,shiller_pe_proxy,equity_pb_proxy,real_yield_proxy,term_spread,equity_risk_proxy"
1997-04-01,china,,,,,,,,,,,,,research_proxy_cn,,unknown,low,,"equity_pe_proxy,shiller_pe_proxy,equity_pb_proxy,real_yield_proxy,term_spread,equity_risk_proxy"
1997-05-01,china,,,,,,,,,,,,,research_proxy_cn,,unknown,low,,"equity_pe_proxy,shiller_pe_proxy,equity_pb_proxy,real_yield_proxy,term_spread,equity_risk_proxy"
1997-06-01,china,,,,,,,,,,,,,research_proxy_cn,,unknown,low,,"equity_pe_proxy,shiller_pe_proxy,equity_pb_proxy,real_yield_proxy,term_spread,equity_risk_proxy"
1997-07-01,china,,,,,,,,,,,,,research_proxy_cn,,unknown,low,,"equity_pe_proxy,shiller_pe_proxy,equity_pb_proxy,real_yield_proxy,term_spread,equity_risk_proxy"
1997-08-01,china,,,,,,,,,,,,,research_proxy_cn,,unknown,low,,"equity_pe_proxy,shiller_pe_proxy,equity_pb_proxy,real_yield_proxy,term_spread,equity_risk_proxy"
1997-09-01,china,,,,,,,,,,,,,research_proxy_cn,,unknown,low,,"equity_pe_proxy,shiller_pe_proxy,equity_pb_proxy,real_yield_proxy,term_spread,equity_risk_proxy"
1997-10-01,china,,,,,,,,,,,,,research_proxy_cn,,unknown,low,,"equity_pe_proxy,shiller_pe_proxy,equity_pb_proxy,real_yield_proxy,term_spread,equity_risk_proxy"
1997-11-01,china,,,,,,,,,,,,,research_proxy_cn,,unknown,low,,"equity_pe_proxy,shiller_pe_proxy,equity_pb_proxy,real_yield_proxy,term_spread,equity_risk_proxy"
1997-12-01,china,,,,,,,,,,,,,research_proxy_cn,,unknown,low,,"equity_pe_proxy,shiller_pe_proxy,equity_pb_proxy,real_yield_proxy,term_spread,equity_risk_proxy"
1998-01-01,china,,,,,,,,,,,,,research_proxy_cn,,unknown,low,,"equity_pe_proxy,shiller_pe_proxy,equity_pb_proxy,real_yield_proxy,term_spread,equity_risk_proxy"
1998-02-01,china,,,,,,,,,,,,,research_proxy_cn,,unknown,low,,"equity_pe_proxy,shiller_pe_proxy,equity_pb_proxy,real_yield_proxy,term_spread,equity_risk_proxy"
1998-03-01,china,,,,,,,,,,,,,research_proxy_cn,,unknown,low,,"equity_pe_proxy,shiller_pe_proxy,equity_pb_proxy,real_yield_proxy,term_spread,equity_risk_proxy"
1998-04-01,china,,,,,,,,,,,,,research_proxy_cn,,unknown,low,,"equity_pe_proxy,shiller_pe_proxy,equity_pb_proxy,real_yield_proxy,term_spread,equity_risk_proxy"
1998-05-01,china,,,,,,,,,,,,,research_proxy_cn,,unknown,low,,"equity_pe_proxy,shiller_pe_proxy,equity_pb_proxy,real_yield_proxy,term_spread,equity_risk_proxy"
1998-06-01,china,,,,,,,,,,,,,research_proxy_cn,,unknown,low,,"equity_pe_proxy,shiller_pe_proxy,equity_pb_proxy,real_yield_proxy,term_spread,equity_risk_proxy"
1998-07-01,china,,,,,,,,,,,,,research_proxy_cn,,unknown,low,,"equity_pe_proxy,shiller_pe_proxy,equity_pb_proxy,real_yield_proxy,term_spread,equity_risk_proxy"
1998-08-01,china,,,,,,,,,,,,,research_proxy_cn,,unknown,low,,"equity_pe_proxy,shiller_pe_proxy,equity_pb_proxy,real_yield_proxy,term_spread,equity_risk_proxy"
1998-09-01,china,,,,,,,,,,,,,research_proxy_cn,,unknown,low,,"equity_pe_proxy,shiller_pe_proxy,equity_pb_proxy,real_yield_proxy,term_spread,equity_risk_proxy"
1998-10-01,china,,,,,,,,,,,,,research_proxy_cn,,unknown,low,,"equity_pe_proxy,shiller_pe_proxy,equity_pb_proxy,real_yield_proxy,term_spread,equity_risk_proxy"
1998-11-01,china,,,,,,,,,,,,,research_proxy_cn,,unknown,low,,"equity_pe_proxy,shiller_pe_proxy,equity_pb_proxy,real_yield_proxy,term_spread,equity_risk_proxy"
1998-12-01,china,,,,,,,,,,,,,research_proxy_cn,,unknown,low,,"equity_pe_proxy,shiller_pe_proxy,equity_pb_proxy,real_yield_proxy,term_spread,equity_risk_proxy"
1999-01-01,china,,,,,,,,,,,,,research_proxy_cn,,unknown,low,,"equity_pe_proxy,shiller_pe_proxy,equity_pb_proxy,real_yield_proxy,term_spread,equity_risk_proxy"
1999-02-01,china,,,,,,,,,,,,,research_proxy_cn,,unknown,low,,"equity_pe_proxy,shiller_pe_proxy,equity_pb_proxy,real_yield_proxy,term_spread,equity_risk_proxy"
1999-03-01,china,,,,,,,,,,,,,research_proxy_cn,,unknown,low,,"equity_pe_proxy,shiller_pe_proxy,equity_pb_proxy,real_yield_proxy,term_spread,equity_risk_proxy"
1999-04-01,china,,,,,,,,,,,,,research_proxy_cn,,unknown,low,,"equity_pe_proxy,shiller_pe_proxy,equity_pb_proxy,real_yield_proxy,term_spread,equity_risk_proxy"
1999-05-01,china,,,,,,,,,,,,,research_proxy_cn,,unknown,low,,"equity_pe_proxy,shiller_pe_proxy,equity_pb_proxy,real_yield_proxy,term_spread,equity_risk_proxy"
1999-06-01,china,,,,,,,,,,,,,research_proxy_cn,,unknown,low,,"equity_pe_proxy,shiller_pe_proxy,equity_pb_proxy,real_yield_proxy,term_spread,equity_risk_proxy"
1999-07-01,china,,,,,,,,,,,,,research_proxy_cn,,unknown,low,,"equity_pe_proxy,shiller_pe_proxy,equity_pb_proxy,real_yield_proxy,term_spread,equity_risk_proxy"
1999-08-01,china,,,,,,,,,,,,,research_proxy_cn,,unknown,low,,"equity_pe_proxy,shiller_pe_proxy,equity_pb_proxy,real_yield_proxy,term_spread,equity_risk_proxy"
1999-09-01,china,,,,,,,,,,,,,research_proxy_cn,,unknown,low,,"equity_pe_proxy,shiller_pe_proxy,equity_pb_proxy,real_yield_proxy,term_spread,equity_risk_proxy"
1999-10-01,china,,,,,,,,,,,,,research_proxy_cn,,unknown,low,,"equity_pe_proxy,shiller_pe_proxy,equity_pb_proxy,real_yield_proxy,term_spread,equity_risk_proxy"
1999-11-01,china,,,,,,,,,,,,,research_proxy_cn,,unknown,low,,"equity_pe_proxy,shiller_pe_proxy,equity_pb_proxy,real_yield_proxy,term_spread,equity_risk_proxy"
1999-12-01,china,,,,,,,,,,,,,research_proxy_cn,,unknown,low,,"equity_pe_proxy,shiller_pe_proxy,equity_pb_proxy,real_yield_proxy,term_spread,equity_risk_proxy"
2000-01-01,china,,,,,,,,,,,,,research_proxy_cn,,unknown,low,,"equity_pe_proxy,shiller_pe_proxy,equity_pb_proxy,real_yield_proxy,term_spread,equity_risk_proxy"
2000-02-01,china,,,,,,,,,,,,,research_proxy_cn,,unknown,low,,"equity_pe_proxy,shiller_pe_proxy,equity_pb_proxy,real_yield_proxy,term_spread,equity_risk_proxy"
2000-03-01,china,,,,,,,,,,,,,research_proxy_cn,,unknown,low,,"equity_pe_proxy,shiller_pe_proxy,equity_pb_proxy,real_yield_proxy,term_spread,equity_risk_proxy"
2000-04-01,china,,,,,,,,,,,,,research_proxy_cn,,unknown,low,,"equity_pe_proxy,shiller_pe_proxy,equity_pb_proxy,real_yield_proxy,term_spread,equity_risk_proxy"
2000-05-01,china,,,,,,,,,,,,,research_proxy_cn,,unknown,low,,"equity_pe_proxy,shiller_pe_proxy,equity_pb_proxy,real_yield_proxy,term_spread,equity_risk_proxy"
2000-06-01,china,,,,,,,,,,,,,research_proxy_cn,,unknown,low,,"equity_pe_proxy,shiller_pe_proxy,equity_pb_proxy,real_yield_proxy,term_spread,equity_risk_proxy"
2000-07-01,china,,,,,,,,,,,,,research_proxy_cn,,unknown,low,,"equity_pe_proxy,shiller_pe_proxy,equity_pb_proxy,real_yield_proxy,term_spread,equity_risk_proxy"
2000-08-01,china,,,,,,,,,,,,,research_proxy_cn,,unknown,low,,"equity_pe_proxy,shiller_pe_proxy,equity_pb_proxy,real_yield_proxy,term_spread,equity_risk_proxy"
2000-09-01,china,,,,,,,,,,,,,research_proxy_cn,,unknown,low,,"equity_pe_proxy,shiller_pe_proxy,equity_pb_proxy,real_yield_proxy,term_spread,equity_risk_proxy"
2000-10-01,china,,,,,,,,,,,,,research_proxy_cn,,unknown,low,,"equity_pe_proxy,shiller_pe_proxy,equity_pb_proxy,real_yield_proxy,term_spread,equity_risk_proxy"
2000-11-01,china,,,,,,,,,,,,,research_proxy_cn,,unknown,low,,"equity_pe_proxy,shiller_pe_proxy,equity_pb_proxy,real_yield_proxy,term_spread,equity_risk_proxy"
2000-12-01,china,,,,,,,,,,,,,research_proxy_cn,,unknown,low,,"equity_pe_proxy,shiller_pe_proxy,equity_pb_proxy,real_yield_proxy,term_spread,equity_risk_proxy"
2001-01-01,china,,,,,,,,,,,,,research_proxy_cn,,unknown,low,,"equity_pe_proxy,shiller_pe_proxy,equity_pb_proxy,real_yield_proxy,term_spread,equity_risk_proxy"
2001-02-01,china,,,,,,,,,,,,,research_proxy_cn,,unknown,low,,"equity_pe_proxy,shiller_pe_proxy,equity_pb_proxy,real_yield_proxy,term_spread,equity_risk_proxy"
2001-03-01,china,,,,,,,,,,,,,research_proxy_cn,,unknown,low,,"equity_pe_proxy,shiller_pe_proxy,equity_pb_proxy,real_yield_proxy,term_spread,equity_risk_proxy"
2001-04-01,china,,,,,,,,,,,,,research_proxy_cn,,unknown,low,,"equity_pe_proxy,shiller_pe_proxy,equity_pb_proxy,real_yield_proxy,term_spread,equity_risk_proxy"
2001-05-01,china,,,,,,,,,,,,,research_proxy_cn,,unknown,low,,"equity_pe_proxy,shiller_pe_proxy,equity_pb_proxy,real_yield_proxy,term_spread,equity_risk_proxy"
2001-06-01,china,,,,,,,,,,,,,research_proxy_cn,,unknown,low,,"equity_pe_proxy,shiller_pe_proxy,equity_pb_proxy,real_yield_proxy,term_spread,equity_risk_proxy"
2001-07-01,china,,,,,,,,,,,,,research_proxy_cn,,unknown,low,,"equity_pe_proxy,shiller_pe_proxy,equity_pb_proxy,real_yield_proxy,term_spread,equity_risk_proxy"
2001-08-01,china,,,,,,,,,,,,,research_proxy_cn,,unknown,low,,"equity_pe_proxy,shiller_pe_proxy,equity_pb_proxy,real_yield_proxy,term_spread,equity_risk_proxy"
2001-09-01,china,,,,,,,,,,,,,research_proxy_cn,,unknown,low,,"equity_pe_proxy,shiller_pe_proxy,equity_pb_proxy,real_yield_proxy,term_spread,equity_risk_proxy"
2001-10-01,china,,,,,,,,,,,,,research_proxy_cn,,unknown,low,,"equity_pe_proxy,shiller_pe_proxy,equity_pb_proxy,real_yield_proxy,term_spread,equity_risk_proxy"
2001-11-01,china,,,,,,,,,,,,,research_proxy_cn,,unknown,low,,"equity_pe_proxy,shiller_pe_proxy,equity_pb_proxy,real_yield_proxy,term_spread,equity_risk_proxy"
2001-12-01,china,,,,,,,,,,,,,research_proxy_cn,,unknown,low,,"equity_pe_proxy,shiller_pe_proxy,equity_pb_proxy,real_yield_proxy,term_spread,equity_risk_proxy"
2002-01-01,china,,,,,,,,,,,,,research_proxy_cn,,unknown,low,,"equity_pe_proxy,shiller_pe_proxy,equity_pb_proxy,real_yield_proxy,term_spread,equity_risk_proxy"
2002-02-01,china,,,,,,,,,,,,,research_proxy_cn,,unknown,low,,"equity_pe_proxy,shiller_pe_proxy,equity_pb_proxy,real_yield_proxy,term_spread,equity_risk_proxy"
2002-03-01,china,,,,,,,,,,,,,research_proxy_cn,,unknown,low,,"equity_pe_proxy,shiller_pe_proxy,equity_pb_proxy,real_yield_proxy,term_spread,equity_risk_proxy"
2002-04-01,china,,,,,,,,,,,,,research_proxy_cn,,unknown,low,,"equity_pe_proxy,shiller_pe_proxy,equity_pb_proxy,real_yield_proxy,term_spread,equity_risk_proxy"
2002-05-01,china,,,,,,,,,,,,,research_proxy_cn,,unknown,low,,"equity_pe_proxy,shiller_pe_proxy,equity_pb_proxy,real_yield_proxy,term_spread,equity_risk_proxy"
2002-06-01,china,,,,,,,,,,,,,research_proxy_cn,,unknown,low,,"equity_pe_proxy,shiller_pe_proxy,equity_pb_proxy,real_yield_proxy,term_spread,equity_risk_proxy"
2002-07-01,china,,,,,,,,,,,,,research_proxy_cn,,unknown,low,,"equity_pe_proxy,shiller_pe_proxy,equity_pb_proxy,real_yield_proxy,term_spread,equity_risk_proxy"
2002-08-01,china,,,,,,,,,,,,,research_proxy_cn,,unknown,low,,"equity_pe_proxy,shiller_pe_proxy,equity_pb_proxy,real_yield_proxy,term_spread,equity_risk_proxy"
2002-09-01,china,,,,,,,,,,,,,research_proxy_cn,,unknown,low,,"equity_pe_proxy,shiller_pe_proxy,equity_pb_proxy,real_yield_proxy,term_spread,equity_risk_proxy"
2002-10-01,china,,,,,,,,,,,,,research_proxy_cn,,unknown,low,,"equity_pe_proxy,shiller_pe_proxy,equity_pb_proxy,real_yield_proxy,term_spread,equity_risk_proxy"
2002-11-01,china,,,,,,,,,,,,,research_proxy_cn,,unknown,low,,"equity_pe_proxy,shiller_pe_proxy,equity_pb_proxy,real_yield_proxy,term_spread,equity_risk_proxy"
2002-12-01,china,,,,,,,,,,,,,research_proxy_cn,,unknown,low,,"equity_pe_proxy,shiller_pe_proxy,equity_pb_proxy,real_yield_proxy,term_spread,equity_risk_proxy"
2003-01-01,china,,,,,,,,,,,,,research_proxy_cn,,unknown,low,,"equity_pe_proxy,shiller_pe_proxy,equity_pb_proxy,real_yield_proxy,term_spread,equity_risk_proxy"
2003-02-01,china,,,,,,,,,,,,,research_proxy_cn,,unknown,low,,"equity_pe_proxy,shiller_pe_proxy,equity_pb_proxy,real_yield_proxy,term_spread,equity_risk_proxy"
2003-03-01,china,,,,,,,,,,,,,research_proxy_cn,,unknown,low,,"equity_pe_proxy,shiller_pe_proxy,equity_pb_proxy,real_yield_proxy,term_spread,equity_risk_proxy"
2003-04-01,china,,,,,,,,,,,,,research_proxy_cn,,unknown,low,,"equity_pe_proxy,shiller_pe_proxy,equity_pb_proxy,real_yield_proxy,term_spread,equity_risk_proxy"
2003-05-01,china,,,,,,,,,,,,,research_proxy_cn,,unknown,low,,"equity_pe_proxy,shiller_pe_proxy,equity_pb_proxy,real_yield_proxy,term_spread,equity_risk_proxy"
2003-06-01,china,,,,,,,,,,,,,research_proxy_cn,,unknown,low,,"equity_pe_proxy,shiller_pe_proxy,equity_pb_proxy,real_yield_proxy,term_spread,equity_risk_proxy"
2003-07-01,china,,,,,,,,,,,,,research_proxy_cn,,unknown,low,,"equity_pe_proxy,shiller_pe_proxy,equity_pb_proxy,real_yield_proxy,term_spread,equity_risk_proxy"
2003-08-01,china,,,,,,,,,,,,,research_proxy_cn,,unknown,low,,"equity_pe_proxy,shiller_pe_proxy,equity_pb_proxy,real_yield_proxy,term_spread,equity_risk_proxy"
2003-09-01,china,,,,,,,,,,,,,research_proxy_cn,,unknown,low,,"equity_pe_proxy,shiller_pe_proxy,equity_pb_proxy,real_yield_proxy,term_spread,equity_risk_proxy"
2003-10-01,china,,,,,,,,,,,,,research_proxy_cn,,unknown,low,,"equity_pe_proxy,shiller_pe_proxy,equity_pb_proxy,real_yield_proxy,term_spread,equity_risk_proxy"
2003-11-01,china,,,,,,,,,,,,,research_proxy_cn,,unknown,low,,"equity_pe_proxy,shiller_pe_proxy,equity_pb_proxy,real_yield_proxy,term_spread,equity_risk_proxy"
2003-12-01,china,,,,,,,,,,,,,research_proxy_cn,,unknown,low,,"equity_pe_proxy,shiller_pe_proxy,equity_pb_proxy,real_yield_proxy,term_spread,equity_risk_proxy"
2004-01-01,china,,,,,,,,,,,,,research_proxy_cn,,unknown,low,,"equity_pe_proxy,shiller_pe_proxy,equity_pb_proxy,real_yield_proxy,term_spread,equity_risk_proxy"
2004-02-01,china,,,,,,,,,,,,,research_proxy_cn,,unknown,low,,"equity_pe_proxy,shiller_pe_proxy,equity_pb_proxy,real_yield_proxy,term_spread,equity_risk_proxy"
2004-03-01,china,,,,,,,,,,,,,research_proxy_cn,,unknown,low,,"equity_pe_proxy,shiller_pe_proxy,equity_pb_proxy,real_yield_proxy,term_spread,equity_risk_proxy"
2004-04-01,china,,,,,,,,,,,,,research_proxy_cn,,unknown,low,,"equity_pe_proxy,shiller_pe_proxy,equity_pb_proxy,real_yield_proxy,term_spread,equity_risk_proxy"
2004-05-01,china,,,,,,,,,,,,,research_proxy_cn,,unknown,low,,"equity_pe_proxy,shiller_pe_proxy,equity_pb_proxy,real_yield_proxy,term_spread,equity_risk_proxy"
2004-06-01,china,,,,,,,,,,,,,research_proxy_cn,,unknown,low,,"equity_pe_proxy,shiller_pe_proxy,equity_pb_proxy,real_yield_proxy,term_spread,equity_risk_proxy"
2004-07-01,china,,,,,,,,,,,,,research_proxy_cn,,unknown,low,,"equity_pe_proxy,shiller_pe_proxy,equity_pb_proxy,real_yield_proxy,term_spread,equity_risk_proxy"
2004-08-01,china,,,,,,,,,,,,,research_proxy_cn,,unknown,low,,"equity_pe_proxy,shiller_pe_proxy,equity_pb_proxy,real_yield_proxy,term_spread,equity_risk_proxy"
2004-09-01,china,,,,,,,,,,,,,research_proxy_cn,,unknown,low,,"equity_pe_proxy,shiller_pe_proxy,equity_pb_proxy,real_yield_proxy,term_spread,equity_risk_proxy"
2004-10-01,china,,,,,,,,,,,,,research_proxy_cn,,unknown,low,,"equity_pe_proxy,shiller_pe_proxy,equity_pb_proxy,real_yield_proxy,term_spread,equity_risk_proxy"
2004-11-01,china,,,,,,,,,,,,,research_proxy_cn,,unknown,low,,"equity_pe_proxy,shiller_pe_proxy,equity_pb_proxy,real_yield_proxy,term_spread,equity_risk_proxy"
2004-12-01,china,,,,,,,,,,,,,research_proxy_cn,,unknown,low,,"equity_pe_proxy,shiller_pe_proxy,equity_pb_proxy,real_yield_proxy,term_spread,equity_risk_proxy"
2005-01-01,china,,,,,,,,,,,,,research_proxy_cn,,unknown,low,,"equity_pe_proxy,shiller_pe_proxy,equity_pb_proxy,real_yield_proxy,term_spread,equity_risk_proxy"
2005-02-01,china,,,,,,,,,,,,,research_proxy_cn,,unknown,low,,"equity_pe_proxy,shiller_pe_proxy,equity_pb_proxy,real_yield_proxy,term_spread,equity_risk_proxy"
2005-03-01,china,,,,,,,,,,,,,research_proxy_cn,,unknown,low,,"equity_pe_proxy,shiller_pe_proxy,equity_pb_proxy,real_yield_proxy,term_spread,equity_risk_proxy"
2005-04-01,china,,,,,,,13.99,1.89,13.99,,1.89,,research_proxy_cn,0.08178264348484553,fair,low,"equity_pe_proxy,equity_pb_proxy","shiller_pe_proxy,real_yield_proxy,term_spread,equity_risk_proxy"
2005-05-01,china,,,,,,,12.58,1.69,12.58,,1.69,,research_proxy_cn,0.2767530970643342,fair,low,"equity_pe_proxy,equity_pb_proxy","shiller_pe_proxy,real_yield_proxy,term_spread,equity_risk_proxy"
2005-06-01,china,,,,,,,12.76,1.75,12.76,,1.75,,research_proxy_cn,0.2353945976547124,fair,low,"equity_pe_proxy,equity_pb_proxy","shiller_pe_proxy,real_yield_proxy,term_spread,equity_risk_proxy"
2005-07-01,china,,,,,,,12.94,1.81,12.94,,1.81,,research_proxy_cn,0.1940360982450906,fair,low,"equity_pe_proxy,equity_pb_proxy","shiller_pe_proxy,real_yield_proxy,term_spread,equity_risk_proxy"
2005-08-01,china,,,,,,,12.88,1.84,12.88,,1.84,,research_proxy_cn,0.18393255018486282,fair,low,"equity_pe_proxy,equity_pb_proxy","shiller_pe_proxy,real_yield_proxy,term_spread,equity_risk_proxy"
2005-09-01,china,,,,,,,12.63,1.81,12.63,,1.81,,research_proxy_cn,0.21589254831056248,fair,low,"equity_pe_proxy,equity_pb_proxy","shiller_pe_proxy,real_yield_proxy,term_spread,equity_risk_proxy"
2005-10-01,china,,,,,,,11.78,1.65,11.78,,1.65,,research_proxy_cn,0.35226861079285937,fair,low,"equity_pe_proxy,equity_pb_proxy","shiller_pe_proxy,real_yield_proxy,term_spread,equity_risk_proxy"
2005-11-01,china,,,,,,,11.85,1.64,11.85,,1.64,,research_proxy_cn,0.3521112262647409,fair,low,"equity_pe_proxy,equity_pb_proxy","shiller_pe_proxy,real_yield_proxy,term_spread,equity_risk_proxy"
2005-12-01,china,,,,,,,12.61,1.74,12.61,,1.74,,research_proxy_cn,0.250748242205316,fair,low,"equity_pe_proxy,equity_pb_proxy","shiller_pe_proxy,real_yield_proxy,term_spread,equity_risk_proxy"
2006-01-01,china,,,,,,,13.56,1.87,13.56,,1.87,,research_proxy_cn,0.1216555406780246,fair,low,"equity_pe_proxy,equity_pb_proxy","shiller_pe_proxy,real_yield_proxy,term_spread,equity_risk_proxy"
2006-02-01,china,,,,,,,14.08,1.93,14.08,,1.93,,research_proxy_cn,0.0563254508740143,fair,low,"equity_pe_proxy,equity_pb_proxy","shiller_pe_proxy,real_yield_proxy,term_spread,equity_risk_proxy"
2006-03-01,china,,,,,,,14.03,1.87,14.03,,1.87,,research_proxy_cn,0.08851834219166393,fair,low,"equity_pe_proxy,equity_pb_proxy","shiller_pe_proxy,real_yield_proxy,term_spread,equity_risk_proxy"
2006-04-01,china,,,,,,,15.8,1.96,15.8,,1.96,,research_proxy_cn,-0.07927642336860093,fair,low,"equity_pe_proxy,equity_pb_proxy","shiller_pe_proxy,real_yield_proxy,term_spread,equity_risk_proxy"
2006-05-01,china,,,,,,,17.7,2.18,17.7,,2.18,,research_proxy_cn,-0.3183500547991021,fair,low,"equity_pe_proxy,equity_pb_proxy","shiller_pe_proxy,real_yield_proxy,term_spread,equity_risk_proxy"
2006-06-01,china,,,,,,,17.79,2.22,17.79,,2.22,,research_proxy_cn,-0.34380724740993335,fair,low,"equity_pe_proxy,equity_pb_proxy","shiller_pe_proxy,real_yield_proxy,term_spread,equity_risk_proxy"
2006-07-01,china,,,,,,,18.52,2.14,18.52,,2.14,,research_proxy_cn,-0.3570521188320757,fair,low,"equity_pe_proxy,equity_pb_proxy","shiller_pe_proxy,real_yield_proxy,term_spread,equity_risk_proxy"
2006-08-01,china,,,,,,,18.61,2.15,18.61,,2.15,,research_proxy_cn,-0.3681754827248459,fair,low,"equity_pe_proxy,equity_pb_proxy","shiller_pe_proxy,real_yield_proxy,term_spread,equity_risk_proxy"
2006-09-01,china,,,,,,,19.39,2.26,19.39,,2.26,,research_proxy_cn,-0.4757265032429022,fair,low,"equity_pe_proxy,equity_pb_proxy","shiller_pe_proxy,real_yield_proxy,term_spread,equity_risk_proxy"
2006-10-01,china,,,,,,,18.3,2.21,18.3,,2.21,,research_proxy_cn,-0.37498669009549596,fair,low,"equity_pe_proxy,equity_pb_proxy","shiller_pe_proxy,real_yield_proxy,term_spread,equity_risk_proxy"
2006-11-01,china,,,,,,,23.21,2.61,23.21,,2.61,,research_proxy_cn,-0.9122823735023329,expensive,low,"equity_pe_proxy,equity_pb_proxy","shiller_pe_proxy,real_yield_proxy,term_spread,equity_risk_proxy"
2006-12-01,china,,,,,,,30.66,3.41,30.66,,3.41,,research_proxy_cn,-1.8197776543315918,expensive,low,"equity_pe_proxy,equity_pb_proxy","shiller_pe_proxy,real_yield_proxy,term_spread,equity_risk_proxy"
2007-01-01,china,,,,,,,34.95,3.83,34.95,,3.83,,research_proxy_cn,-2.322916323419525,expensive,low,"equity_pe_proxy,equity_pb_proxy","shiller_pe_proxy,real_yield_proxy,term_spread,equity_risk_proxy"
2007-02-01,china,,,,,,,35.15,3.9,35.15,,3.9,,research_proxy_cn,-2.3704628592877786,expensive,low,"equity_pe_proxy,equity_pb_proxy","shiller_pe_proxy,real_yield_proxy,term_spread,equity_risk_proxy"
2007-03-01,china,,,,,,,36.37,4.19,36.37,,4.19,,research_proxy_cn,-2.5950389102716445,expensive,low,"equity_pe_proxy,equity_pb_proxy","shiller_pe_proxy,real_yield_proxy,term_spread,equity_risk_proxy"
2007-04-01,china,,,,,,,34.88,4.57,34.88,,4.57,,research_proxy_cn,-2.6715487710308907,expensive,low,"equity_pe_proxy,equity_pb_proxy","shiller_pe_proxy,real_yield_proxy,term_spread,equity_risk_proxy"
2007-05-01,china,,,,,,,39.27,4.98,39.27,,4.98,,research_proxy_cn,-3.1769599649758598,expensive,low,"equity_pe_proxy,equity_pb_proxy","shiller_pe_proxy,real_yield_proxy,term_spread,equity_risk_proxy"
2007-06-01,china,,,,,,,37.29,4.78,37.29,,4.78,,research_proxy_cn,-2.941801845146954,expensive,low,"equity_pe_proxy,equity_pb_proxy","shiller_pe_proxy,real_yield_proxy,term_spread,equity_risk_proxy"
2007-07-01,china,,,,,,,43.81,5.59,43.81,,5.59,,research_proxy_cn,-3.7885057186858178,expensive,low,"equity_pe_proxy,equity_pb_proxy","shiller_pe_proxy,real_yield_proxy,term_spread,equity_risk_proxy"
2007-08-01,china,,,,,,,42.64,6.39,42.64,,6.39,,research_proxy_cn,-4.088250678339694,expensive,low,"equity_pe_proxy,equity_pb_proxy","shiller_pe_proxy,real_yield_proxy,term_spread,equity_risk_proxy"
2007-09-01,china,,,,,,,45.73,6.73,45.73,,6.73,,research_proxy_cn,-4.468560191022799,expensive,low,"equity_pe_proxy,equity_pb_proxy","shiller_pe_proxy,real_yield_proxy,term_spread,equity_risk_proxy"
2007-10-01,china,,,,,,,47.84,7.09,47.84,,7.09,,research_proxy_cn,-4.789331005440002,expensive,low,"equity_pe_proxy,equity_pb_proxy","shiller_pe_proxy,real_yield_proxy,term_spread,equity_risk_proxy"
2007-11-01,china,,,,,,,40.32,6.31,40.32,,6.31,,research_proxy_cn,-3.886456282988645,expensive,low,"equity_pe_proxy,equity_pb_proxy","shiller_pe_proxy,real_yield_proxy,term_spread,equity_risk_proxy"
2007-12-01,china,,,,,,,43.17,6.73,43.17,,6.73,,research_proxy_cn,-4.28806821628858,expensive,low,"equity_pe_proxy,equity_pb_proxy","shiller_pe_proxy,real_yield_proxy,term_spread,equity_risk_proxy"
2008-01-01,china,,,,,,,35.92,5.5,35.92,,5.5,,research_proxy_cn,-3.1892223260265578,expensive,low,"equity_pe_proxy,equity_pb_proxy","shiller_pe_proxy,real_yield_proxy,term_spread,equity_risk_proxy"
2008-02-01,china,,,,,,,35.24,5.41,35.24,,5.41,,research_proxy_cn,-3.098277659083598,expensive,low,"equity_pe_proxy,equity_pb_proxy","shiller_pe_proxy,real_yield_proxy,term_spread,equity_risk_proxy"
2008-03-01,china,,,,,,,26.89,4.25,26.89,,4.25,,research_proxy_cn,-1.9553222237701076,expensive,low,"equity_pe_proxy,equity_pb_proxy","shiller_pe_proxy,real_yield_proxy,term_spread,equity_risk_proxy"
2008-04-01,china,,,,,,,27.41,4.42,27.41,,4.42,,research_proxy_cn,-2.0732096855403417,expensive,low,"equity_pe_proxy,equity_pb_proxy","shiller_pe_proxy,real_yield_proxy,term_spread,equity_risk_proxy"
2008-05-01,china,,,,,,,25.3,4.1,25.3,,4.1,,research_proxy_cn,-1.7715506427472205,expensive,low,"equity_pe_proxy,equity_pb_proxy","shiller_pe_proxy,real_yield_proxy,term_spread,equity_risk_proxy"
2008-06-01,china,,,,,,,20.19,3.37,20.19,,3.37,,research_proxy_cn,-1.062481907915602,expensive,low,"equity_pe_proxy,equity_pb_proxy","shiller_pe_proxy,real_yield_proxy,term_spread,equity_risk_proxy"
2008-07-01,china,,,,,,,20.38,3.37,20.38,,3.37,,research_proxy_cn,-1.0758777966654074,expensive,low,"equity_pe_proxy,equity_pb_proxy","shiller_pe_proxy,real_yield_proxy,term_spread,equity_risk_proxy"
2008-08-01,china,,,,,,,16.98,2.88,16.98,,2.88,,research_proxy_cn,-0.6020426903265252,expensive,low,"equity_pe_proxy,equity_pb_proxy","shiller_pe_proxy,real_yield_proxy,term_spread,equity_risk_proxy"
2008-09-01,china,,,,,,,16.15,2.74,16.15,,2.74,,research_proxy_cn,-0.47663260720888034,fair,low,"equity_pe_proxy,equity_pb_proxy","shiller_pe_proxy,real_yield_proxy,term_spread,equity_risk_proxy"
2008-10-01,china,,,,,,,12.07,2.0,12.07,,2.0,,research_proxy_cn,0.16459425256928706,fair,low,"equity_pe_proxy,equity_pb_proxy","shiller_pe_proxy,real_yield_proxy,term_spread,equity_risk_proxy"
2008-11-01,china,,,,,,,12.96,2.15,12.96,,2.15,,research_proxy_cn,0.030175945887788463,fair,low,"equity_pe_proxy,equity_pb_proxy","shiller_pe_proxy,real_yield_proxy,term_spread,equity_risk_proxy"
2008-12-01,china,,,,,,,12.42,2.06,12.42,,2.06,,research_proxy_cn,0.11124995796247096,fair,low,"equity_pe_proxy,equity_pb_proxy","shiller_pe_proxy,real_yield_proxy,term_spread,equity_risk_proxy"
2009-01-01,china,,,,,,,13.65,2.25,13.65,,2.25,,research_proxy_cn,-0.06625171073749757,fair,low,"equity_pe_proxy,equity_pb_proxy","shiller_pe_proxy,real_yield_proxy,term_spread,equity_risk_proxy"
2009-02-01,china,,,,,,,14.26,2.35,14.26,,2.35,,research_proxy_cn,-0.15703899315233924,fair,low,"equity_pe_proxy,equity_pb_proxy","shiller_pe_proxy,real_yield_proxy,term_spread,equity_risk_proxy"
2009-03-01,china,,,,,,,17.09,2.58,17.09,,2.58,,research_proxy_cn,-0.4664599176852766,fair,low,"equity_pe_proxy,equity_pb_proxy","shiller_pe_proxy,real_yield_proxy,term_spread,equity_risk_proxy"
2009-04-01,china,,,,,,,19.13,2.6,19.13,,2.6,,research_proxy_cn,-0.619845345863649,expensive,low,"equity_pe_proxy,equity_pb_proxy","shiller_pe_proxy,real_yield_proxy,term_spread,equity_risk_proxy"
2009-05-01,china,,,,,,,20.33,2.77,20.33,,2.77,,research_proxy_cn,-0.7856759884226601,expensive,low,"equity_pe_proxy,equity_pb_proxy","shiller_pe_proxy,real_yield_proxy,term_spread,equity_risk_proxy"
2009-06-01,china,,,,,,,23.42,3.31,23.42,,3.31,,research_proxy_cn,-1.2615443592261721,expensive,low,"equity_pe_proxy,equity_pb_proxy","shiller_pe_proxy,real_yield_proxy,term_spread,equity_risk_proxy"
2009-07-01,china,,,,,,,26.96,3.83,26.96,,3.83,,research_proxy_cn,-1.7595839491513927,expensive,low,"equity_pe_proxy,equity_pb_proxy","shiller_pe_proxy,real_yield_proxy,term_spread,equity_risk_proxy"
2009-08-01,china,,,,,,,19.88,2.89,19.88,,2.89,,research_proxy_cn,-0.8112841983611545,expensive,low,"equity_pe_proxy,equity_pb_proxy","shiller_pe_proxy,real_yield_proxy,term_spread,equity_risk_proxy"
2009-09-01,china,,,,,,,20.96,3.06,20.96,,3.06,,research_proxy_cn,-0.9686542796044992,expensive,low,"equity_pe_proxy,equity_pb_proxy","shiller_pe_proxy,real_yield_proxy,term_spread,equity_risk_proxy"
2009-10-01,china,,,,,,,22.01,3.16,22.01,,3.16,,research_proxy_cn,-1.0904636201767852,expensive,low,"equity_pe_proxy,equity_pb_proxy","shiller_pe_proxy,real_yield_proxy,term_spread,equity_risk_proxy"
2009-11-01,china,,,,,,,23.21,3.3,23.21,,3.3,,research_proxy_cn,-1.2419604340177353,expensive,low,"equity_pe_proxy,equity_pb_proxy","shiller_pe_proxy,real_yield_proxy,term_spread,equity_risk_proxy"
2009-12-01,china,,,,,,,23.99,3.4,23.99,,3.4,,research_proxy_cn,-1.344733511629771,expensive,low,"equity_pe_proxy,equity_pb_proxy","shiller_pe_proxy,real_yield_proxy,term_spread,equity_risk_proxy"
2010-01-01,china,,,,,,,21.6,3.03,21.6,,3.03,,research_proxy_cn,-0.9994434445699932,expensive,low,"equity_pe_proxy,equity_pb_proxy","shiller_pe_proxy,real_yield_proxy,term_spread,equity_risk_proxy"
2010-02-01,china,,,,,,,21.76,3.06,21.76,,3.06,,research_proxy_cn,-1.0250580217089431,expensive,low,"equity_pe_proxy,equity_pb_proxy","shiller_pe_proxy,real_yield_proxy,term_spread,equity_risk_proxy"
2010-03-01,china,,,,,,,21.38,3.01,21.38,,3.01,,research_proxy_cn,-0.9743765296792304,expensive,low,"equity_pe_proxy,equity_pb_proxy","shiller_pe_proxy,real_yield_proxy,term_spread,equity_risk_proxy"
2010-04-01,china,,,,,,,17.14,2.6,17.14,,2.6,,research_proxy_cn,-0.47954103737884507,fair,low,"equity_pe_proxy,equity_pb_proxy","shiller_pe_proxy,real_yield_proxy,term_spread,equity_risk_proxy"
2010-05-01,china,,,,,,,15.56,2.38,15.56,,2.38,,research_proxy_cn,-0.26302890279012137,fair,low,"equity_pe_proxy,equity_pb_proxy","shiller_pe_proxy,real_yield_proxy,term_spread,equity_risk_proxy"
2010-06-01,china,,,,,,,14.51,2.25,14.51,,2.25,,research_proxy_cn,-0.1268857334997746,fair,low,"equity_pe_proxy,equity_pb_proxy","shiller_pe_proxy,real_yield_proxy,term_spread,equity_risk_proxy"
2010-07-01,china,,,,,,,15.89,2.43,15.89,,2.43,,research_proxy_cn,-0.31018516093830617,fair,low,"equity_pe_proxy,equity_pb_proxy","shiller_pe_proxy,real_yield_proxy,term_spread,equity_risk_proxy"
2010-08-01,china,,,,,,,14.7,2.34,14.7,,2.34,,research_proxy_cn,-0.18328310840376286,fair,low,"equity_pe_proxy,equity_pb_proxy","shiller_pe_proxy,real_yield_proxy,term_spread,equity_risk_proxy"
2010-09-01,china,,,,,,,14.7,2.34,14.7,,2.34,,research_proxy_cn,-0.18328310840376286,fair,low,"equity_pe_proxy,equity_pb_proxy","shiller_pe_proxy,real_yield_proxy,term_spread,equity_risk_proxy"
2010-10-01,china,,,,,,,16.02,2.56,16.02,,2.56,,research_proxy_cn,-0.3814640268085424,fair,low,"equity_pe_proxy,equity_pb_proxy","shiller_pe_proxy,real_yield_proxy,term_spread,equity_risk_proxy"
2010-11-01,china,,,,,,,14.82,2.33,14.82,,2.33,,research_proxy_cn,-0.18696572681340926,fair,low,"equity_pe_proxy,equity_pb_proxy","shiller_pe_proxy,real_yield_proxy,term_spread,equity_risk_proxy"
2010-12-01,china,,,,,,,14.99,2.31,14.99,,2.31,,research_proxy_cn,-0.18939563619856292,fair,low,"equity_pe_proxy,equity_pb_proxy","shiller_pe_proxy,real_yield_proxy,term_spread,equity_risk_proxy"
2011-01-01,china,,,,,,,15.03,2.35,15.03,,2.35,,research_proxy_cn,-0.21132759492786637,fair,low,"equity_pe_proxy,equity_pb_proxy","shiller_pe_proxy,real_yield_proxy,term_spread,equity_risk_proxy"
2011-02-01,china,,,,,,,15.45,2.41,15.45,,2.41,,research_proxy_cn,-0.26960721696882134,fair,low,"equity_pe_proxy,equity_pb_proxy","shiller_pe_proxy,real_yield_proxy,term_spread,equity_risk_proxy"
2011-03-01,china,,,,,,,15.02,2.38,15.02,,2.38,,research_proxy_cn,-0.22495637686962172,fair,low,"equity_pe_proxy,equity_pb_proxy","shiller_pe_proxy,real_yield_proxy,term_spread,equity_risk_proxy"
2011-04-01,china,,,,,,,14.16,2.28,14.16,,2.28,,research_proxy_cn,-0.11654292504714137,fair,low,"equity_pe_proxy,equity_pb_proxy","shiller_pe_proxy,real_yield_proxy,term_spread,equity_risk_proxy"
2011-05-01,china,,,,,,,13.35,2.15,13.35,,2.15,,research_proxy_cn,0.0026791216118721844,fair,low,"equity_pe_proxy,equity_pb_proxy","shiller_pe_proxy,real_yield_proxy,term_spread,equity_risk_proxy"
2011-06-01,china,,,,,,,13.43,2.23,13.43,,2.23,,research_proxy_cn,-0.04118479584673483,fair,low,"equity_pe_proxy,equity_pb_proxy","shiller_pe_proxy,real_yield_proxy,term_spread,equity_risk_proxy"
2011-07-01,china,,,,,,,13.18,2.19,13.18,,2.19,,research_proxy_cn,-0.00444685481501482,fair,low,"equity_pe_proxy,equity_pb_proxy","shiller_pe_proxy,real_yield_proxy,term_spread,equity_risk_proxy"
2011-08-01,china,,,,,,,11.99,2.01,11.99,,2.01,,research_proxy_cn,0.1654566838737112,fair,low,"equity_pe_proxy,equity_pb_proxy","shiller_pe_proxy,real_yield_proxy,term_spread,equity_risk_proxy"
2011-09-01,china,,,,,,,11.13,1.88,11.13,,1.88,,research_proxy_cn,0.28820396441425244,fair,low,"equity_pe_proxy,equity_pb_proxy","shiller_pe_proxy,real_yield_proxy,term_spread,equity_risk_proxy"
2011-10-01,china,,,,,,,11.22,1.9,11.22,,1.9,,research_proxy_cn,0.2723026576154619,fair,low,"equity_pe_proxy,equity_pb_proxy","shiller_pe_proxy,real_yield_proxy,term_spread,equity_risk_proxy"
2011-11-01,china,,,,,,,10.64,1.8,10.64,,1.8,,research_proxy_cn,0.3609747997013868,fair,low,"equity_pe_proxy,equity_pb_proxy","shiller_pe_proxy,real_yield_proxy,term_spread,equity_risk_proxy"
2011-12-01,china,,,,,,,10.26,1.73,10.26,,1.73,,research_proxy_cn,0.42121217754314,fair,low,"equity_pe_proxy,equity_pb_proxy","shiller_pe_proxy,real_yield_proxy,term_spread,equity_risk_proxy"
2012-01-01,china,,,,,,,10.82,1.83,10.82,,1.83,,research_proxy_cn,0.333950129009826,fair,low,"equity_pe_proxy,equity_pb_proxy","shiller_pe_proxy,real_yield_proxy,term_spread,equity_risk_proxy"
2012-02-01,china,,,,,,,11.35,1.91,11.35,,1.91,,research_proxy_cn,0.2583591066174695,fair,low,"equity_pe_proxy,equity_pb_proxy","shiller_pe_proxy,real_yield_proxy,term_spread,equity_risk_proxy"
2012-03-01,china,,,,,,,10.73,1.73,10.73,,1.73,,research_proxy_cn,0.38807497905677923,fair,low,"equity_pe_proxy,equity_pb_proxy","shiller_pe_proxy,real_yield_proxy,term_spread,equity_risk_proxy"
2012-04-01,china,,,,,,,11.23,1.78,11.23,,1.78,,research_proxy_cn,0.3289329257114002,fair,low,"equity_pe_proxy,equity_pb_proxy","shiller_pe_proxy,real_yield_proxy,term_spread,equity_risk_proxy"
2012-05-01,china,,,,,,,10.84,1.72,10.84,,1.72,,research_proxy_cn,0.3850974074234385,fair,low,"equity_pe_proxy,equity_pb_proxy","shiller_pe_proxy,real_yield_proxy,term_spread,equity_risk_proxy"
2012-06-01,china,,,,,,,10.2,1.67,10.2,,1.67,,research_proxy_cn,0.45411011563709525,fair,low,"equity_pe_proxy,equity_pb_proxy","shiller_pe_proxy,real_yield_proxy,term_spread,equity_risk_proxy"
2012-07-01,china,,,,,,,9.91,1.62,9.91,,1.62,,research_proxy_cn,0.4984461866800576,fair,low,"equity_pe_proxy,equity_pb_proxy","shiller_pe_proxy,real_yield_proxy,term_spread,equity_risk_proxy"
2012-08-01,china,,,,,,,9.47,1.49,9.47,,1.49,,research_proxy_cn,0.5915815026157659,cheap,low,"equity_pe_proxy,equity_pb_proxy","shiller_pe_proxy,real_yield_proxy,term_spread,equity_risk_proxy"
2012-09-01,china,,,,,,,9.68,1.53,9.68,,1.53,,research_proxy_cn,0.5576637486892682,cheap,low,"equity_pe_proxy,equity_pb_proxy","shiller_pe_proxy,real_yield_proxy,term_spread,equity_risk_proxy"
2012-10-01,china,,,,,,,9.46,1.46,9.46,,1.46,,research_proxy_cn,0.6066203781101325,cheap,low,"equity_pe_proxy,equity_pb_proxy","shiller_pe_proxy,real_yield_proxy,term_spread,equity_risk_proxy"
2012-11-01,china,,,,,,,9.17,1.41,9.17,,1.41,,research_proxy_cn,0.650956449153095,cheap,low,"equity_pe_proxy,equity_pb_proxy","shiller_pe_proxy,real_yield_proxy,term_spread,equity_risk_proxy"
2012-12-01,china,,,,,,,10.49,1.62,10.49,,1.62,,research_proxy_cn,0.45755347365433585,fair,low,"equity_pe_proxy,equity_pb_proxy","shiller_pe_proxy,real_yield_proxy,term_spread,equity_risk_proxy"
2013-01-01,china,,,,,,,11.1,1.7,11.1,,1.7,,research_proxy_cn,0.376322077051535,fair,low,"equity_pe_proxy,equity_pb_proxy","shiller_pe_proxy,real_yield_proxy,term_spread,equity_risk_proxy"
2013-02-01,china,,,,,,,10.91,1.67,10.91,,1.67,,research_proxy_cn,0.4040517945194013,fair,low,"equity_pe_proxy,equity_pb_proxy","shiller_pe_proxy,real_yield_proxy,term_spread,equity_risk_proxy"
2013-03-01,china,,,,,,,10.1,1.53,10.1,,1.53,,research_proxy_cn,0.5280517840844352,cheap,low,"equity_pe_proxy,equity_pb_proxy","shiller_pe_proxy,real_yield_proxy,term_spread,equity_risk_proxy"
2013-04-01,china,,,,,,,9.75,1.47,9.75,,1.47,,research_proxy_cn,0.5813960786912513,cheap,low,"equity_pe_proxy,equity_pb_proxy","shiller_pe_proxy,real_yield_proxy,term_spread,equity_risk_proxy"
2013-05-01,china,,,,,,,10.05,1.5,10.05,,1.5,,research_proxy_cn,0.5459108466840239,cheap,low,"equity_pe_proxy,equity_pb_proxy","shiller_pe_proxy,real_yield_proxy,term_spread,equity_risk_proxy"
2013-06-01,china,,,,,,,8.68,1.34,8.68,,1.34,,research_proxy_cn,0.7189493415342091,cheap,low,"equity_pe_proxy,equity_pb_proxy","shiller_pe_proxy,real_yield_proxy,term_spread,equity_risk_proxy"
2013-07-01,china,,,,,,,8.76,1.37,8.76,,1.37,,research_proxy_cn,0.6989751386057037,cheap,low,"equity_pe_proxy,equity_pb_proxy","shiller_pe_proxy,real_yield_proxy,term_spread,equity_risk_proxy"
2013-08-01,china,,,,,,,8.76,1.36,8.76,,1.36,,research_proxy_cn,0.7037530815117241,cheap,low,"equity_pe_proxy,equity_pb_proxy","shiller_pe_proxy,real_yield_proxy,term_spread,equity_risk_proxy"
2013-09-01,china,,,,,,,9.02,1.4,9.02,,1.4,,research_proxy_cn,0.6663100937036985,cheap,low,"equity_pe_proxy,equity_pb_proxy","shiller_pe_proxy,real_yield_proxy,term_spread,equity_risk_proxy"
2013-10-01,china,,,,,,,8.64,1.34,8.64,,1.34,,research_proxy_cn,0.7217695286394312,cheap,low,"equity_pe_proxy,equity_pb_proxy","shiller_pe_proxy,real_yield_proxy,term_spread,equity_risk_proxy"
2013-11-01,china,,,,,,,8.89,1.37,8.89,,1.37,,research_proxy_cn,0.6898095305137315,cheap,low,"equity_pe_proxy,equity_pb_proxy","shiller_pe_proxy,real_yield_proxy,term_spread,equity_risk_proxy"
2013-12-01,china,,,,,,,8.62,1.34,8.62,,1.34,,research_proxy_cn,0.7231796221920423,cheap,low,"equity_pe_proxy,equity_pb_proxy","shiller_pe_proxy,real_yield_proxy,term_spread,equity_risk_proxy"
2014-01-01,china,,,,,,,8.2,1.27,8.2,,1.27,,research_proxy_cn,0.7862371871390177,cheap,low,"equity_pe_proxy,equity_pb_proxy","shiller_pe_proxy,real_yield_proxy,term_spread,equity_risk_proxy"
2014-02-01,china,,,,,,,8.19,1.27,8.19,,1.27,,research_proxy_cn,0.7869422339153233,cheap,low,"equity_pe_proxy,equity_pb_proxy","shiller_pe_proxy,real_yield_proxy,term_spread,equity_risk_proxy"
2014-03-01,china,,,,,,,8.11,1.23,8.11,,1.23,,research_proxy_cn,0.811694379749849,cheap,low,"equity_pe_proxy,equity_pb_proxy","shiller_pe_proxy,real_yield_proxy,term_spread,equity_risk_proxy"
2014-04-01,china,,,,,,,7.96,1.18,7.96,,1.18,,research_proxy_cn,0.8461597959245337,cheap,low,"equity_pe_proxy,equity_pb_proxy","shiller_pe_proxy,real_yield_proxy,term_spread,equity_risk_proxy"
2014-05-01,china,,,,,,,8.02,1.19,8.02,,1.19,,research_proxy_cn,0.8371515723606802,cheap,low,"equity_pe_proxy,equity_pb_proxy","shiller_pe_proxy,real_yield_proxy,term_spread,equity_risk_proxy"
2014-06-01,china,,,,,,,8.15,1.24,8.15,,1.24,,research_proxy_cn,0.8040962497386064,cheap,low,"equity_pe_proxy,equity_pb_proxy","shiller_pe_proxy,real_yield_proxy,term_spread,equity_risk_proxy"
2014-07-01,china,,,,,,,8.72,1.36,8.72,,1.36,,research_proxy_cn,0.7065732686169461,cheap,low,"equity_pe_proxy,equity_pb_proxy","shiller_pe_proxy,real_yield_proxy,term_spread,equity_risk_proxy"
2014-08-01,china,,,,,,,8.45,1.28,8.45,,1.28,,research_proxy_cn,0.7638330748253588,cheap,low,"equity_pe_proxy,equity_pb_proxy","shiller_pe_proxy,real_yield_proxy,term_spread,equity_risk_proxy"
2014-09-01,china,,,,,,,8.74,1.33,8.74,,1.33,,research_proxy_cn,0.7194970037823961,cheap,low,"equity_pe_proxy,equity_pb_proxy","shiller_pe_proxy,real_yield_proxy,term_spread,equity_risk_proxy"
2014-10-01,china,,,,,,,8.79,1.3,8.79,,1.3,,research_proxy_cn,0.7303055986189295,cheap,low,"equity_pe_proxy,equity_pb_proxy","shiller_pe_proxy,real_yield_proxy,term_spread,equity_risk_proxy"
2014-11-01,china,,,,,,,9.83,1.46,9.83,,1.46,,research_proxy_cn,0.5805336473868272,cheap,low,"equity_pe_proxy,equity_pb_proxy","shiller_pe_proxy,real_yield_proxy,term_spread,equity_risk_proxy"
2014-12-01,china,,,,,,,12.74,1.88,12.74,,1.88,,research_proxy_cn,0.17469143342905932,fair,low,"equity_pe_proxy,equity_pb_proxy","shiller_pe_proxy,real_yield_proxy,term_spread,equity_risk_proxy"
2015-01-01,china,,,,,,,12.46,1.84,12.46,,1.84,,research_proxy_cn,0.21354451478969583,fair,low,"equity_pe_proxy,equity_pb_proxy","shiller_pe_proxy,real_yield_proxy,term_spread,equity_risk_proxy"
2015-02-01,china,,,,,,,12.81,1.87,12.81,,1.87,,research_proxy_cn,0.17453404890094068,fair,low,"equity_pe_proxy,equity_pb_proxy","shiller_pe_proxy,real_yield_proxy,term_spread,equity_risk_proxy"
2015-03-01,china,,,,,,,14.46,2.03,14.46,,2.03,,research_proxy_cn,-0.018245755685799746,fair,low,"equity_pe_proxy,equity_pb_proxy","shiller_pe_proxy,real_yield_proxy,term_spread,equity_risk_proxy"
2015-04-01,china,,,,,,,16.58,2.24,16.58,,2.24,,research_proxy_cn,-0.26805247328900267,fair,low,"equity_pe_proxy,equity_pb_proxy","shiller_pe_proxy,real_yield_proxy,term_spread,equity_risk_proxy"
2015-05-01,china,,,,,,,16.34,2.21,16.34,,2.21,,research_proxy_cn,-0.23679752193960857,fair,low,"equity_pe_proxy,equity_pb_proxy","shiller_pe_proxy,real_yield_proxy,term_spread,equity_risk_proxy"
2015-06-01,china,,,,,,,16.11,2.16,16.11,,2.16,,research_proxy_cn,-0.1966917315544794,fair,low,"equity_pe_proxy,equity_pb_proxy","shiller_pe_proxy,real_yield_proxy,term_spread,equity_risk_proxy"
2015-07-01,china,,,,,,,13.82,1.92,13.82,,1.92,,research_proxy_cn,0.07943460996397886,fair,low,"equity_pe_proxy,equity_pb_proxy","shiller_pe_proxy,real_yield_proxy,term_spread,equity_risk_proxy"
2015-08-01,china,,,,,,,11.69,1.62,11.69,,1.62,,research_proxy_cn,0.37294786049767015,fair,low,"equity_pe_proxy,equity_pb_proxy","shiller_pe_proxy,real_yield_proxy,term_spread,equity_risk_proxy"
2015-09-01,china,,,,,,,11.22,1.55,11.22,,1.55,,research_proxy_cn,0.4395306593261732,fair,low,"equity_pe_proxy,equity_pb_proxy","shiller_pe_proxy,real_yield_proxy,term_spread,equity_risk_proxy"
2015-10-01,china,,,,,,,12.44,1.67,12.44,,1.67,,research_proxy_cn,0.2961796377446526,fair,low,"equity_pe_proxy,equity_pb_proxy","shiller_pe_proxy,real_yield_proxy,term_spread,equity_risk_proxy"
2015-11-01,china,,,,,,,12.41,1.66,12.41,,1.66,,research_proxy_cn,0.3030727209795895,fair,low,"equity_pe_proxy,equity_pb_proxy","shiller_pe_proxy,real_yield_proxy,term_spread,equity_risk_proxy"
2015-12-01,china,,,,,,,13.01,1.74,13.01,,1.74,,research_proxy_cn,0.22254637115309406,fair,low,"equity_pe_proxy,equity_pb_proxy","shiller_pe_proxy,real_yield_proxy,term_spread,equity_risk_proxy"
2016-01-01,china,,,,,,,10.47,1.39,10.47,,1.39,,research_proxy_cn,0.5688562540454145,cheap,low,"equity_pe_proxy,equity_pb_proxy","shiller_pe_proxy,real_yield_proxy,term_spread,equity_risk_proxy"
2016-02-01,china,,,,,,,10.26,1.35,10.26,,1.35,,research_proxy_cn,0.6027740079719122,cheap,low,"equity_pe_proxy,equity_pb_proxy","shiller_pe_proxy,real_yield_proxy,term_spread,equity_risk_proxy"
2016-03-01,china,,,,,,,11.44,1.47,11.44,,1.47,,research_proxy_cn,0.46224317349561383,fair,low,"equity_pe_proxy,equity_pb_proxy","shiller_pe_proxy,real_yield_proxy,term_spread,equity_risk_proxy"
2016-04-01,china,,,,,,,11.32,1.4,11.32,,1.4,,research_proxy_cn,0.5041493351534226,cheap,low,"equity_pe_proxy,equity_pb_proxy","shiller_pe_proxy,real_yield_proxy,term_spread,equity_risk_proxy"
2016-05-01,china,,,,,,,11.36,1.4,11.36,,1.4,,research_proxy_cn,0.5013291480482005,cheap,low,"equity_pe_proxy,equity_pb_proxy","shiller_pe_proxy,real_yield_proxy,term_spread,equity_risk_proxy"
2016-06-01,china,,,,,,,11.37,1.42,11.37,,1.42,,research_proxy_cn,0.4910682154598543,fair,low,"equity_pe_proxy,equity_pb_proxy","shiller_pe_proxy,real_yield_proxy,term_spread,equity_risk_proxy"
2016-07-01,china,,,,,,,11.7,1.47,11.7,,1.47,,research_proxy_cn,0.44391195731166955,fair,low,"equity_pe_proxy,equity_pb_proxy","shiller_pe_proxy,real_yield_proxy,term_spread,equity_risk_proxy"
2016-08-01,china,,,,,,,12.36,1.5,12.36,,1.5,,research_proxy_cn,0.38304504135744244,fair,low,"equity_pe_proxy,equity_pb_proxy","shiller_pe_proxy,real_yield_proxy,term_spread,equity_risk_proxy"
2016-09-01,china,,,,,,,12.05,1.46,12.05,,1.46,,research_proxy_cn,0.4240132630469956,fair,low,"equity_pe_proxy,equity_pb_proxy","shiller_pe_proxy,real_yield_proxy,term_spread,equity_risk_proxy"
2016-10-01,china,,,,,,,12.08,1.43,12.08,,1.43,,research_proxy_cn,0.43623195143614,fair,low,"equity_pe_proxy,equity_pb_proxy","shiller_pe_proxy,real_yield_proxy,term_spread,equity_risk_proxy"
2016-11-01,china,,,,,,,12.75,1.51,12.75,,1.51,,research_proxy_cn,0.3507702741755057,fair,low,"equity_pe_proxy,equity_pb_proxy","shiller_pe_proxy,real_yield_proxy,term_spread,equity_risk_proxy"
2016-12-01,china,,,,,,,12.31,1.46,12.31,,1.46,,research_proxy_cn,0.4056820468630514,fair,low,"equity_pe_proxy,equity_pb_proxy","shiller_pe_proxy,real_yield_proxy,term_spread,equity_risk_proxy"
2017-01-01,china,,,,,,,12.78,1.5,12.78,,1.5,,research_proxy_cn,0.35343307675260943,fair,low,"equity_pe_proxy,equity_pb_proxy","shiller_pe_proxy,real_yield_proxy,term_spread,equity_risk_proxy"
2017-02-01,china,,,,,,,12.97,1.53,12.97,,1.53,,research_proxy_cn,0.3257033592847429,fair,low,"equity_pe_proxy,equity_pb_proxy","shiller_pe_proxy,real_yield_proxy,term_spread,equity_risk_proxy"
2017-03-01,china,,,,,,,12.85,1.51,12.85,,1.51,,research_proxy_cn,0.34371980641245026,fair,low,"equity_pe_proxy,equity_pb_proxy","shiller_pe_proxy,real_yield_proxy,term_spread,equity_risk_proxy"
2017-04-01,china,,,,,,,12.69,1.48,12.69,,1.48,,research_proxy_cn,0.3693343835514,fair,low,"equity_pe_proxy,equity_pb_proxy","shiller_pe_proxy,real_yield_proxy,term_spread,equity_risk_proxy"
2017-05-01,china,,,,,,,12.85,1.5,12.85,,1.5,,research_proxy_cn,0.34849774931847055,fair,low,"equity_pe_proxy,equity_pb_proxy","shiller_pe_proxy,real_yield_proxy,term_spread,equity_risk_proxy"
2017-06-01,china,,,,,,,13.39,1.58,13.39,,1.58,,research_proxy_cn,0.27220168014980833,fair,low,"equity_pe_proxy,equity_pb_proxy","shiller_pe_proxy,real_yield_proxy,term_spread,equity_risk_proxy"
2017-07-01,china,,,,,,,13.78,1.65,13.78,,1.65,,research_proxy_cn,0.21125925553174985,fair,low,"equity_pe_proxy,equity_pb_proxy","shiller_pe_proxy,real_yield_proxy,term_spread,equity_risk_proxy"
2017-08-01,china,,,,,,,13.88,1.65,13.88,,1.65,,research_proxy_cn,0.20420878776869428,fair,low,"equity_pe_proxy,equity_pb_proxy","shiller_pe_proxy,real_yield_proxy,term_spread,equity_risk_proxy"
2017-09-01,china,,,,,,,13.83,1.65,13.83,,1.65,,research_proxy_cn,0.20773402165022206,fair,low,"equity_pe_proxy,equity_pb_proxy","shiller_pe_proxy,real_yield_proxy,term_spread,equity_risk_proxy"
2017-10-01,china,,,,,,,13.84,1.65,13.84,,1.65,,research_proxy_cn,0.20702897487391653,fair,low,"equity_pe_proxy,equity_pb_proxy","shiller_pe_proxy,real_yield_proxy,term_spread,equity_risk_proxy"
2017-11-01,china,,,,,,,13.81,1.64,13.81,,1.64,,research_proxy_cn,0.21392205810885348,fair,low,"equity_pe_proxy,equity_pb_proxy","shiller_pe_proxy,real_yield_proxy,term_spread,equity_risk_proxy"
2017-12-01,china,,,,,,,14.05,1.66,14.05,,1.66,,research_proxy_cn,0.18744504966547965,fair,low,"equity_pe_proxy,equity_pb_proxy","shiller_pe_proxy,real_yield_proxy,term_spread,equity_risk_proxy"
2018-01-01,china,,,,,,,15.19,1.79,15.19,,1.79,,research_proxy_cn,0.04495645938838303,fair,low,"equity_pe_proxy,equity_pb_proxy","shiller_pe_proxy,real_yield_proxy,term_spread,equity_risk_proxy"
2018-02-01,china,,,,,,,14.12,1.67,14.12,,1.67,,research_proxy_cn,0.17773177932532058,fair,low,"equity_pe_proxy,equity_pb_proxy","shiller_pe_proxy,real_yield_proxy,term_spread,equity_risk_proxy"
2018-03-01,china,,,,,,,13.37,1.59,13.37,,1.59,,research_proxy_cn,0.2688338307963992,fair,low,"equity_pe_proxy,equity_pb_proxy","shiller_pe_proxy,real_yield_proxy,term_spread,equity_risk_proxy"
2018-04-01,china,,,,,,,12.74,1.52,12.74,,1.52,,research_proxy_cn,0.3466973780457909,fair,low,"equity_pe_proxy,equity_pb_proxy","shiller_pe_proxy,real_yield_proxy,term_spread,equity_risk_proxy"
2018-05-01,china,,,,,,,12.55,1.5,12.55,,1.5,,research_proxy_cn,0.369649152607637,fair,low,"equity_pe_proxy,equity_pb_proxy","shiller_pe_proxy,real_yield_proxy,term_spread,equity_risk_proxy"
2018-06-01,china,,,,,,,11.81,1.44,11.81,,1.44,,research_proxy_cn,0.45049027149036946,fair,low,"equity_pe_proxy,equity_pb_proxy","shiller_pe_proxy,real_yield_proxy,term_spread,equity_risk_proxy"
2018-07-01,china,,,,,,,11.93,1.49,11.93,,1.49,,research_proxy_cn,0.41813999564460125,fair,low,"equity_pe_proxy,equity_pb_proxy","shiller_pe_proxy,real_yield_proxy,term_spread,equity_risk_proxy"
2018-08-01,china,,,,,,,11.09,1.39,11.09,,1.39,,research_proxy_cn,0.5251433539144705,cheap,low,"equity_pe_proxy,equity_pb_proxy","shiller_pe_proxy,real_yield_proxy,term_spread,equity_risk_proxy"
2018-09-01,china,,,,,,,11.58,1.45,11.58,,1.45,,research_proxy_cn,0.46192840443937677,fair,low,"equity_pe_proxy,equity_pb_proxy","shiller_pe_proxy,real_yield_proxy,term_spread,equity_risk_proxy"
2018-10-01,china,,,,,,,10.6,1.29,10.6,,1.29,,research_proxy_cn,0.6074700750136456,cheap,low,"equity_pe_proxy,equity_pb_proxy","shiller_pe_proxy,real_yield_proxy,term_spread,equity_risk_proxy"
2018-11-01,china,,,,,,,10.44,1.27,10.44,,1.27,,research_proxy_cn,0.6283067092465751,cheap,low,"equity_pe_proxy,equity_pb_proxy","shiller_pe_proxy,real_yield_proxy,term_spread,equity_risk_proxy"
2018-12-01,china,,,,,,,10.09,1.25,10.09,,1.25,,research_proxy_cn,0.6625392322293098,cheap,low,"equity_pe_proxy,equity_pb_proxy","shiller_pe_proxy,real_yield_proxy,term_spread,equity_risk_proxy"
2019-01-01,china,,,,,,,10.74,1.32,10.74,,1.32,,research_proxy_cn,0.5832655914273068,cheap,low,"equity_pe_proxy,equity_pb_proxy","shiller_pe_proxy,real_yield_proxy,term_spread,equity_risk_proxy"
2019-02-01,china,,,,,,,12.06,1.47,12.06,,1.47,,research_proxy_cn,0.41853027336466975,fair,low,"equity_pe_proxy,equity_pb_proxy","shiller_pe_proxy,real_yield_proxy,term_spread,equity_risk_proxy"
2019-03-01,china,,,,,,,12.5,1.51,12.5,,1.51,,research_proxy_cn,0.3683964435831444,fair,low,"equity_pe_proxy,equity_pb_proxy","shiller_pe_proxy,real_yield_proxy,term_spread,equity_risk_proxy"
2019-04-01,china,,,,,,,12.27,1.46,12.27,,1.46,,research_proxy_cn,0.4085022339682737,fair,low,"equity_pe_proxy,equity_pb_proxy","shiller_pe_proxy,real_yield_proxy,term_spread,equity_risk_proxy"
2019-05-01,china,,,,,,,11.48,1.37,11.48,,1.37,,research_proxy_cn,0.5072024154505947,cheap,low,"equity_pe_proxy,equity_pb_proxy","shiller_pe_proxy,real_yield_proxy,term_spread,equity_risk_proxy"
2019-06-01,china,,,,,,,12.22,1.48,12.22,,1.48,,research_proxy_cn,0.4024715820377607,fair,low,"equity_pe_proxy,equity_pb_proxy","shiller_pe_proxy,real_yield_proxy,term_spread,equity_risk_proxy"
2019-07-01,china,,,,,,,12.14,1.48,12.14,,1.48,,research_proxy_cn,0.40811195624820507,fair,low,"equity_pe_proxy,equity_pb_proxy","shiller_pe_proxy,real_yield_proxy,term_spread,equity_risk_proxy"
2019-08-01,china,,,,,,,11.7,1.45,11.7,,1.45,,research_proxy_cn,0.45346784312371025,fair,low,"equity_pe_proxy,equity_pb_proxy","shiller_pe_proxy,real_yield_proxy,term_spread,equity_risk_proxy"
2019-09-01,china,,,,,,,11.72,1.45,11.72,,1.45,,research_proxy_cn,0.452057749571099,fair,low,"equity_pe_proxy,equity_pb_proxy","shiller_pe_proxy,real_yield_proxy,term_spread,equity_risk_proxy"
2019-10-01,china,,,,,,,11.67,1.42,11.67,,1.42,,research_proxy_cn,0.4699168121706878,fair,low,"equity_pe_proxy,equity_pb_proxy","shiller_pe_proxy,real_yield_proxy,term_spread,equity_risk_proxy"
2019-11-01,china,,,,,,,11.46,1.4,11.46,,1.4,,research_proxy_cn,0.4942786802851449,fair,low,"equity_pe_proxy,equity_pb_proxy","shiller_pe_proxy,real_yield_proxy,term_spread,equity_risk_proxy"
2019-12-01,china,,,,,,,12.3,1.5,12.3,,1.5,,research_proxy_cn,0.3872753220152756,fair,low,"equity_pe_proxy,equity_pb_proxy","shiller_pe_proxy,real_yield_proxy,term_spread,equity_risk_proxy"
2020-01-01,china,,,,,,,11.96,1.45,11.96,,1.45,,research_proxy_cn,0.43513662693976585,fair,low,"equity_pe_proxy,equity_pb_proxy","shiller_pe_proxy,real_yield_proxy,term_spread,equity_risk_proxy"
2020-02-01,china,,,,,,,11.57,1.41,11.57,,1.41,,research_proxy_cn,0.4817452228397636,fair,low,"equity_pe_proxy,equity_pb_proxy","shiller_pe_proxy,real_yield_proxy,term_spread,equity_risk_proxy"
2020-03-01,china,,,,,,,10.85,1.32,10.85,,1.32,,research_proxy_cn,0.575510076887946,cheap,low,"equity_pe_proxy,equity_pb_proxy","shiller_pe_proxy,real_yield_proxy,term_spread,equity_risk_proxy"
2020-04-01,china,,,,,,,11.77,1.35,11.77,,1.35,,research_proxy_cn,0.4963119447497745,fair,low,"equity_pe_proxy,equity_pb_proxy","shiller_pe_proxy,real_yield_proxy,term_spread,equity_risk_proxy"
2020-05-01,china,,,,,,,11.6,1.33,11.6,,1.33,,research_proxy_cn,0.5178536257590095,cheap,low,"equity_pe_proxy,equity_pb_proxy","shiller_pe_proxy,real_yield_proxy,term_spread,equity_risk_proxy"
2020-06-01,china,,,,,,,12.38,1.43,12.38,,1.43,,research_proxy_cn,0.41508054814697354,fair,low,"equity_pe_proxy,equity_pb_proxy","shiller_pe_proxy,real_yield_proxy,term_spread,equity_risk_proxy"
2020-07-01,china,,,,,,,13.67,1.61,13.67,,1.61,,research_proxy_cn,0.23812654169519204,fair,low,"equity_pe_proxy,equity_pb_proxy","shiller_pe_proxy,real_yield_proxy,term_spread,equity_risk_proxy"
2020-08-01,china,,,,,,,14.45,1.69,14.45,,1.69,,research_proxy_cn,0.14490934989519685,fair,low,"equity_pe_proxy,equity_pb_proxy","shiller_pe_proxy,real_yield_proxy,term_spread,equity_risk_proxy"
2020-09-01,china,,,,,,,13.87,1.61,13.87,,1.61,,research_proxy_cn,0.22402560616908113,fair,low,"equity_pe_proxy,equity_pb_proxy","shiller_pe_proxy,real_yield_proxy,term_spread,equity_risk_proxy"
2020-10-01,china,,,,,,,13.92,1.57,13.92,,1.57,,research_proxy_cn,0.23961214391163466,fair,low,"equity_pe_proxy,equity_pb_proxy","shiller_pe_proxy,real_yield_proxy,term_spread,equity_risk_proxy"
2020-11-01,china,,,,,,,14.71,1.64,14.71,,1.64,,research_proxy_cn,0.15046784824135417,fair,low,"equity_pe_proxy,equity_pb_proxy","shiller_pe_proxy,real_yield_proxy,term_spread,equity_risk_proxy"
2020-12-01,china,,,,,,,15.66,1.76,15.66,,1.76,,research_proxy_cn,0.026153089620083225,fair,low,"equity_pe_proxy,equity_pb_proxy","shiller_pe_proxy,real_yield_proxy,term_spread,equity_risk_proxy"
2021-01-01,china,,,,,,,15.95,1.79,15.95,,1.79,,research_proxy_cn,-0.008627095610838575,fair,low,"equity_pe_proxy,equity_pb_proxy","shiller_pe_proxy,real_yield_proxy,term_spread,equity_risk_proxy"
2021-02-01,china,,,,,,,15.87,1.78,15.87,,1.78,,research_proxy_cn,0.0017912215056261338,fair,low,"equity_pe_proxy,equity_pb_proxy","shiller_pe_proxy,real_yield_proxy,term_spread,equity_risk_proxy"
2021-03-01,china,,,,,,,14.61,1.68,14.61,,1.68,,research_proxy_cn,0.13840654438032843,fair,low,"equity_pe_proxy,equity_pb_proxy","shiller_pe_proxy,real_yield_proxy,term_spread,equity_risk_proxy"
2021-04-01,china,,,,,,,13.52,1.62,13.52,,1.62,,research_proxy_cn,0.24392430043375496,fair,low,"equity_pe_proxy,equity_pb_proxy","shiller_pe_proxy,real_yield_proxy,term_spread,equity_risk_proxy"
2021-05-01,china,,,,,,,14.09,1.69,14.09,,1.69,,research_proxy_cn,0.17029103384219652,fair,low,"equity_pe_proxy,equity_pb_proxy","shiller_pe_proxy,real_yield_proxy,term_spread,equity_risk_proxy"
2021-06-01,china,,,,,,,14.32,1.73,14.32,,1.73,,research_proxy_cn,0.1349631863630876,fair,low,"equity_pe_proxy,equity_pb_proxy","shiller_pe_proxy,real_yield_proxy,term_spread,equity_risk_proxy"
2021-07-01,china,,,,,,,13.12,1.63,13.12,,1.63,,research_proxy_cn,0.26734822857995666,fair,low,"equity_pe_proxy,equity_pb_proxy","shiller_pe_proxy,real_yield_proxy,term_spread,equity_risk_proxy"
2021-08-01,china,,,,,,,12.41,1.6,12.41,,1.6,,research_proxy_cn,0.33174037841571136,fair,low,"equity_pe_proxy,equity_pb_proxy","shiller_pe_proxy,real_yield_proxy,term_spread,equity_risk_proxy"
2021-09-01,china,,,,,,,12.61,1.63,12.61,,1.63,,research_proxy_cn,0.30330561417153956,fair,low,"equity_pe_proxy,equity_pb_proxy","shiller_pe_proxy,real_yield_proxy,term_spread,equity_risk_proxy"
2021-10-01,china,,,,,,,12.67,1.61,12.67,,1.61,,research_proxy_cn,0.3086312193257468,fair,low,"equity_pe_proxy,equity_pb_proxy","shiller_pe_proxy,real_yield_proxy,term_spread,equity_risk_proxy"
2021-11-01,china,,,,,,,12.25,1.55,12.25,,1.55,,research_proxy_cn,0.3669108413667018,fair,low,"equity_pe_proxy,equity_pb_proxy","shiller_pe_proxy,real_yield_proxy,term_spread,equity_risk_proxy"
2021-12-01,china,,,,,,,13.37,1.69,13.37,16.59,1.69,,research_proxy_cn,-0.28337633576998017,fair,low,"equity_pe_proxy,shiller_pe_proxy,equity_pb_proxy","real_yield_proxy,term_spread,equity_risk_proxy"
2022-01-01,china,,,,,,,12.44,1.58,12.44,16.59,1.58,,research_proxy_cn,-0.20462518766155388,fair,low,"equity_pe_proxy,shiller_pe_proxy,equity_pb_proxy","real_yield_proxy,term_spread,equity_risk_proxy"
2022-02-01,china,,,,,,,12.57,1.58,12.57,16.59,1.58,,research_proxy_cn,-0.21073559305620201,fair,low,"equity_pe_proxy,shiller_pe_proxy,equity_pb_proxy","real_yield_proxy,term_spread,equity_risk_proxy"
2022-03-01,china,,,,,,,11.72,1.45,11.72,16.59,1.45,,research_proxy_cn,-0.12937410388004478,fair,low,"equity_pe_proxy,shiller_pe_proxy,equity_pb_proxy","real_yield_proxy,term_spread,equity_risk_proxy"
2022-04-01,china,,,,,,,11.21,1.38,11.21,16.59,1.38,,research_proxy_cn,-0.08310544659089465,fair,low,"equity_pe_proxy,shiller_pe_proxy,equity_pb_proxy","real_yield_proxy,term_spread,equity_risk_proxy"
2022-05-01,china,,,,,,,11.32,1.38,11.32,16.59,1.38,,research_proxy_cn,-0.0882757896171353,fair,low,"equity_pe_proxy,shiller_pe_proxy,equity_pb_proxy","real_yield_proxy,term_spread,equity_risk_proxy"
2022-06-01,china,,,,,,,12.31,1.52,12.31,15.23,1.52,,research_proxy_cn,0.15041891074640062,fair,low,"equity_pe_proxy,shiller_pe_proxy,equity_pb_proxy","real_yield_proxy,term_spread,equity_risk_proxy"
2022-07-01,china,,,,,,,11.44,1.44,11.44,15.23,1.44,,research_proxy_cn,0.2167939859375642,fair,low,"equity_pe_proxy,shiller_pe_proxy,equity_pb_proxy","real_yield_proxy,term_spread,equity_risk_proxy"
2022-08-01,china,,,,,,,11.02,1.38,11.02,15.23,1.38,,research_proxy_cn,0.2556470672982008,fair,low,"equity_pe_proxy,shiller_pe_proxy,equity_pb_proxy","real_yield_proxy,term_spread,equity_risk_proxy"
2022-09-01,china,,,,,,,10.47,1.31,10.47,15.23,1.31,,research_proxy_cn,0.30379584932416565,fair,low,"equity_pe_proxy,shiller_pe_proxy,equity_pb_proxy","real_yield_proxy,term_spread,equity_risk_proxy"
2022-10-01,china,,,,,,,9.61,1.18,9.61,15.23,1.18,,research_proxy_cn,0.38562736968452666,fair,low,"equity_pe_proxy,shiller_pe_proxy,equity_pb_proxy","real_yield_proxy,term_spread,equity_risk_proxy"
2022-11-01,china,,,,,,,10.57,1.3,10.57,15.23,1.3,,research_proxy_cn,0.3022808327528089,fair,low,"equity_pe_proxy,shiller_pe_proxy,equity_pb_proxy","real_yield_proxy,term_spread,equity_risk_proxy"
2022-12-01,china,,,,,,,10.59,1.32,10.59,13.73,1.32,,research_proxy_cn,0.658744357845863,cheap,low,"equity_pe_proxy,shiller_pe_proxy,equity_pb_proxy","real_yield_proxy,term_spread,equity_risk_proxy"
2023-01-01,china,,,,,,,11.26,1.39,11.26,13.73,1.39,,research_proxy_cn,0.6049552016094538,cheap,low,"equity_pe_proxy,shiller_pe_proxy,equity_pb_proxy","real_yield_proxy,term_spread,equity_risk_proxy"
2023-02-01,china,,,,,,,11.17,1.37,11.17,13.73,1.37,,research_proxy_cn,0.6155560728086474,cheap,low,"equity_pe_proxy,shiller_pe_proxy,equity_pb_proxy","real_yield_proxy,term_spread,equity_risk_proxy"
2023-03-01,china,,,,,,,11.27,1.37,11.27,13.73,1.37,,research_proxy_cn,0.6108557609666105,cheap,low,"equity_pe_proxy,shiller_pe_proxy,equity_pb_proxy","real_yield_proxy,term_spread,equity_risk_proxy"
2023-04-01,china,,,,,,,11.47,1.39,11.47,13.73,1.39,,research_proxy_cn,0.5950845467411762,cheap,low,"equity_pe_proxy,shiller_pe_proxy,equity_pb_proxy","real_yield_proxy,term_spread,equity_risk_proxy"
2023-05-01,china,,,,,,,10.93,1.3,10.93,13.73,1.3,,research_proxy_cn,0.6491338881242977,cheap,low,"equity_pe_proxy,shiller_pe_proxy,equity_pb_proxy","real_yield_proxy,term_spread,equity_risk_proxy"
2023-06-01,china,,,,,,,10.97,1.32,10.97,14.26,1.32,,research_proxy_cn,0.5123496299517921,cheap,low,"equity_pe_proxy,shiller_pe_proxy,equity_pb_proxy","real_yield_proxy,term_spread,equity_risk_proxy"
2023-07-01,china,,,,,,,11.36,1.4,11.36,14.26,1.4,,research_proxy_cn,0.46853605160240636,fair,low,"equity_pe_proxy,shiller_pe_proxy,equity_pb_proxy","real_yield_proxy,term_spread,equity_risk_proxy"
2023-08-01,china,,,,,,,10.99,1.29,10.99,14.26,1.29,,research_proxy_cn,0.5209654533954255,cheap,low,"equity_pe_proxy,shiller_pe_proxy,equity_pb_proxy","real_yield_proxy,term_spread,equity_risk_proxy"
2023-09-01,china,,,,,,,10.87,1.28,10.87,14.26,1.28,,research_proxy_cn,0.5297911228765502,cheap,low,"equity_pe_proxy,shiller_pe_proxy,equity_pb_proxy","real_yield_proxy,term_spread,equity_risk_proxy"
2023-10-01,china,,,,,,,10.64,1.21,10.64,14.26,1.21,,research_proxy_cn,0.5628989070079967,cheap,low,"equity_pe_proxy,shiller_pe_proxy,equity_pb_proxy","real_yield_proxy,term_spread,equity_risk_proxy"
2023-11-01,china,,,,,,,10.48,1.19,10.48,14.26,1.19,,research_proxy_cn,0.5767899964966162,cheap,low,"equity_pe_proxy,shiller_pe_proxy,equity_pb_proxy","real_yield_proxy,term_spread,equity_risk_proxy"
2023-12-01,china,,,,,,,10.38,1.19,10.38,13.18,1.19,,research_proxy_cn,0.8434077165006851,cheap,low,"equity_pe_proxy,shiller_pe_proxy,equity_pb_proxy","real_yield_proxy,term_spread,equity_risk_proxy"
2024-01-01,china,,,,,,,10.16,1.16,10.16,13.18,1.16,,research_proxy_cn,0.8633042883652072,cheap,low,"equity_pe_proxy,shiller_pe_proxy,equity_pb_proxy","real_yield_proxy,term_spread,equity_risk_proxy"
2024-02-01,china,,,,,,,10.91,1.25,10.91,13.18,1.25,,research_proxy_cn,0.7993842921138078,cheap,low,"equity_pe_proxy,shiller_pe_proxy,equity_pb_proxy","real_yield_proxy,term_spread,equity_risk_proxy"
2024-03-01,china,,,,,,,11.21,1.24,11.21,13.18,1.24,,research_proxy_cn,0.788468651858377,cheap,low,"equity_pe_proxy,shiller_pe_proxy,equity_pb_proxy","real_yield_proxy,term_spread,equity_risk_proxy"
2024-04-01,china,,,,,,,11.63,1.24,11.63,13.18,1.24,,research_proxy_cn,0.7687273421218217,cheap,low,"equity_pe_proxy,shiller_pe_proxy,equity_pb_proxy","real_yield_proxy,term_spread,equity_risk_proxy"
2024-05-01,china,,,,,,,11.57,1.23,11.57,13.18,1.23,,research_proxy_cn,0.7747328244977242,cheap,low,"equity_pe_proxy,shiller_pe_proxy,equity_pb_proxy","real_yield_proxy,term_spread,equity_risk_proxy"
2024-06-01,china,,,,,,,11.48,1.24,11.48,13.2,1.24,,research_proxy_cn,0.7709274875115063,cheap,low,"equity_pe_proxy,shiller_pe_proxy,equity_pb_proxy","real_yield_proxy,term_spread,equity_risk_proxy"
2024-07-01,china,,,,,,,11.32,1.25,11.32,13.2,1.25,,research_proxy_cn,0.7752626911880854,cheap,low,"equity_pe_proxy,shiller_pe_proxy,equity_pb_proxy","real_yield_proxy,term_spread,equity_risk_proxy"
2024-08-01,china,,,,,,,10.86,1.22,10.86,13.2,1.22,,research_proxy_cn,0.8064400114734961,cheap,low,"equity_pe_proxy,shiller_pe_proxy,equity_pb_proxy","real_yield_proxy,term_spread,equity_risk_proxy"
2024-09-01,china,,,,,,,12.65,1.4,12.65,13.2,1.4,,research_proxy_cn,0.6649691146287902,cheap,low,"equity_pe_proxy,shiller_pe_proxy,equity_pb_proxy","real_yield_proxy,term_spread,equity_risk_proxy"
2024-10-01,china,,,,,,,11.65,1.3,11.65,13.2,1.3,,research_proxy_cn,0.7438251857559622,cheap,low,"equity_pe_proxy,shiller_pe_proxy,equity_pb_proxy","real_yield_proxy,term_spread,equity_risk_proxy"
2024-11-01,china,,,,,,,11.75,1.31,11.75,13.2,1.31,,research_proxy_cn,0.735939578643245,cheap,low,"equity_pe_proxy,shiller_pe_proxy,equity_pb_proxy","real_yield_proxy,term_spread,equity_risk_proxy"
2024-12-01,china,,,,,,,12.19,1.36,12.19,14.98,1.36,,research_proxy_cn,0.2676530389548655,fair,low,"equity_pe_proxy,shiller_pe_proxy,equity_pb_proxy","real_yield_proxy,term_spread,equity_risk_proxy"
2025-01-01,china,,,,,,,11.74,1.32,11.74,14.98,1.32,,research_proxy_cn,0.3015456233267527,fair,low,"equity_pe_proxy,shiller_pe_proxy,equity_pb_proxy","real_yield_proxy,term_spread,equity_risk_proxy"
2025-02-01,china,,,,,,,11.82,1.33,11.82,14.98,1.33,,research_proxy_cn,0.2946000785824429,fair,low,"equity_pe_proxy,shiller_pe_proxy,equity_pb_proxy","real_yield_proxy,term_spread,equity_risk_proxy"
2025-03-01,china,,1.9129,,6.676064346349746,,,11.78,1.31,11.78,14.98,1.31,1.9129,research_proxy_cn,0.2522186984260392,fair,low,"equity_pe_proxy,shiller_pe_proxy,equity_pb_proxy,real_yield_proxy,equity_risk_proxy",term_spread
2025-04-01,china,,1.7243000000000002,-0.07569999999999988,7.078920191470845,,,11.49,1.26,11.49,14.98,1.26,1.7243000000000002,research_proxy_cn,0.34737931477737166,fair,high,"equity_pe_proxy,shiller_pe_proxy,equity_pb_proxy,real_yield_proxy,term_spread,equity_risk_proxy",
2025-05-01,china,,1.7712,-0.028799999999999937,6.853949190110828,,,11.73,1.29,11.73,14.98,1.29,1.7712,research_proxy_cn,0.2577065901322297,fair,high,"equity_pe_proxy,shiller_pe_proxy,equity_pb_proxy,real_yield_proxy,term_spread,equity_risk_proxy",
2025-06-01,china,,1.5469,-0.20310000000000006,6.456827714748783,,,12.34,1.35,12.34,15.41,1.35,1.5469,research_proxy_cn,0.015398835705261099,fair,high,"equity_pe_proxy,shiller_pe_proxy,equity_pb_proxy,real_yield_proxy,term_spread,equity_risk_proxy",
2025-07-01,china,,1.7044,-0.045600000000000085,6.334185209003216,,,12.44,1.38,12.44,15.41,1.38,1.7044,research_proxy_cn,-0.012140089512912913,fair,high,"equity_pe_proxy,shiller_pe_proxy,equity_pb_proxy,real_yield_proxy,term_spread,equity_risk_proxy",
2025-08-01,china,,2.2379000000000002,0.29790000000000005,5.720678987150415,,,13.23,1.46,13.23,15.41,1.46,2.2379000000000002,research_proxy_cn,-0.29089526061130977,fair,high,"equity_pe_proxy,shiller_pe_proxy,equity_pb_proxy,real_yield_proxy,term_spread,equity_risk_proxy",
2025-09-01,china,,2.1605,0.3305,5.6470075075075075,,,13.32,1.45,13.32,15.41,1.45,2.1605,research_proxy_cn,-0.27469523235717225,fair,high,"equity_pe_proxy,shiller_pe_proxy,equity_pb_proxy,real_yield_proxy,term_spread,equity_risk_proxy",
2025-10-01,china,,1.5954000000000002,0.1454000000000002,5.786101137225171,,,13.19,1.45,13.19,15.41,1.45,1.5954000000000002,research_proxy_cn,-0.11247415748771428,fair,high,"equity_pe_proxy,shiller_pe_proxy,equity_pb_proxy,real_yield_proxy,term_spread,equity_risk_proxy",
2025-11-01,china,,1.1412,0.3111999999999999,5.827511656441718,,,13.04,1.43,13.04,15.41,1.43,1.1412,research_proxy_cn,0.16270977840466944,fair,high,"equity_pe_proxy,shiller_pe_proxy,equity_pb_proxy,real_yield_proxy,term_spread,equity_risk_proxy",
2025-12-01,china,,1.0473,0.3172999999999999,5.648951874062969,,,13.34,1.47,13.34,17.71,1.47,1.0473,research_proxy_cn,-0.16179837251298335,fair,high,"equity_pe_proxy,shiller_pe_proxy,equity_pb_proxy,real_yield_proxy,term_spread,equity_risk_proxy",
2026-01-01,china,,1.6112,0.18120000000000003,5.668231563201196,,,13.37,1.47,13.37,17.71,1.47,1.6112,research_proxy_cn,-0.4311497163082342,fair,high,"equity_pe_proxy,shiller_pe_proxy,equity_pb_proxy,real_yield_proxy,term_spread,equity_risk_proxy",
2026-02-01,china,,0.47530000000000006,0.22530000000000006,5.7265754688672175,,,13.33,1.46,13.33,17.71,1.46,0.47530000000000006,research_proxy_cn,0.027499591791544598,fair,high,"equity_pe_proxy,shiller_pe_proxy,equity_pb_proxy,real_yield_proxy,term_spread,equity_risk_proxy",
2026-03-01,china,,0.5193999999999999,0.3093999999999999,5.796746230007615,,,13.13,1.43,13.13,17.71,1.43,0.5193999999999999,research_proxy_cn,0.09319119705077171,fair,high,"equity_pe_proxy,shiller_pe_proxy,equity_pb_proxy,real_yield_proxy,term_spread,equity_risk_proxy",
