date,country,regime,liquidity_regime,valuation_score,valuation_regime,valuation_confidence,equities_score,equities,duration_score,duration,gold_score,gold,dollar_score,dollar,allocation_confidence,allocation_note
1990-03-01,china,unknown,unknown,,unknown,low,0.0,neutral,0.0,neutral,0.0,neutral,0.0,neutral,medium,"Valuation is missing, so local allocation is still produced with reduced confidence."
1990-04-01,china,unknown,unknown,,unknown,low,0.0,neutral,0.0,neutral,0.0,neutral,0.0,neutral,medium,"Valuation is missing, so local allocation is still produced with reduced confidence."
1990-05-01,china,unknown,unknown,,unknown,low,0.0,neutral,0.0,neutral,0.0,neutral,0.0,neutral,medium,"Valuation is missing, so local allocation is still produced with reduced confidence."
1990-06-01,china,unknown,unknown,,unknown,low,0.0,neutral,0.0,neutral,0.0,neutral,0.0,neutral,medium,"Valuation is missing, so local allocation is still produced with reduced confidence."
1990-07-01,china,unknown,unknown,,unknown,low,0.0,neutral,0.0,neutral,0.0,neutral,0.0,neutral,medium,"Valuation is missing, so local allocation is still produced with reduced confidence."
1990-08-01,china,unknown,unknown,,unknown,low,0.0,neutral,0.0,neutral,0.0,neutral,0.0,neutral,medium,"Valuation is missing, so local allocation is still produced with reduced confidence."
1990-09-01,china,unknown,unknown,,unknown,low,0.0,neutral,0.0,neutral,0.0,neutral,0.0,neutral,medium,"Valuation is missing, so local allocation is still produced with reduced confidence."
1990-10-01,china,unknown,unknown,,unknown,low,0.0,neutral,0.0,neutral,0.0,neutral,0.0,neutral,medium,"Valuation is missing, so local allocation is still produced with reduced confidence."
1990-11-01,china,unknown,unknown,,unknown,low,0.0,neutral,0.0,neutral,0.0,neutral,0.0,neutral,medium,"Valuation is missing, so local allocation is still produced with reduced confidence."
1990-12-01,china,unknown,unknown,,unknown,low,0.0,neutral,0.0,neutral,0.0,neutral,0.0,neutral,medium,"Valuation is missing, so local allocation is still produced with reduced confidence."
1991-01-01,china,unknown,unknown,,unknown,low,0.0,neutral,0.0,neutral,0.0,neutral,0.0,neutral,medium,"Valuation is missing, so local allocation is still produced with reduced confidence."
1991-02-01,china,unknown,unknown,,unknown,low,0.0,neutral,0.0,neutral,0.0,neutral,0.0,neutral,medium,"Valuation is missing, so local allocation is still produced with reduced confidence."
1991-03-01,china,unknown,unknown,,unknown,low,0.0,neutral,0.0,neutral,0.0,neutral,0.0,neutral,medium,"Valuation is missing, so local allocation is still produced with reduced confidence."
1991-04-01,china,unknown,unknown,,unknown,low,0.0,neutral,0.0,neutral,0.0,neutral,0.0,neutral,medium,"Valuation is missing, so local allocation is still produced with reduced confidence."
1991-05-01,china,unknown,unknown,,unknown,low,0.0,neutral,0.0,neutral,0.0,neutral,0.0,neutral,medium,"Valuation is missing, so local allocation is still produced with reduced confidence."
1991-06-01,china,unknown,unknown,,unknown,low,0.0,neutral,0.0,neutral,0.0,neutral,0.0,neutral,medium,"Valuation is missing, so local allocation is still produced with reduced confidence."
1991-07-01,china,unknown,unknown,,unknown,low,0.0,neutral,0.0,neutral,0.0,neutral,0.0,neutral,medium,"Valuation is missing, so local allocation is still produced with reduced confidence."
1991-08-01,china,unknown,unknown,,unknown,low,0.0,neutral,0.0,neutral,0.0,neutral,0.0,neutral,medium,"Valuation is missing, so local allocation is still produced with reduced confidence."
1991-09-01,china,unknown,unknown,,unknown,low,0.0,neutral,0.0,neutral,0.0,neutral,0.0,neutral,medium,"Valuation is missing, so local allocation is still produced with reduced confidence."
1991-10-01,china,unknown,unknown,,unknown,low,0.0,neutral,0.0,neutral,0.0,neutral,0.0,neutral,medium,"Valuation is missing, so local allocation is still produced with reduced confidence."
1991-11-01,china,unknown,unknown,,unknown,low,0.0,neutral,0.0,neutral,0.0,neutral,0.0,neutral,medium,"Valuation is missing, so local allocation is still produced with reduced confidence."
1991-12-01,china,unknown,unknown,,unknown,low,0.0,neutral,0.0,neutral,0.0,neutral,0.0,neutral,medium,"Valuation is missing, so local allocation is still produced with reduced confidence."
1992-01-01,china,unknown,unknown,,unknown,low,0.0,neutral,0.0,neutral,0.0,neutral,0.0,neutral,medium,"Valuation is missing, so local allocation is still produced with reduced confidence."
1992-02-01,china,unknown,unknown,,unknown,low,0.0,neutral,0.0,neutral,0.0,neutral,0.0,neutral,medium,"Valuation is missing, so local allocation is still produced with reduced confidence."
1992-03-01,china,unknown,unknown,,unknown,low,0.0,neutral,0.0,neutral,0.0,neutral,0.0,neutral,medium,"Valuation is missing, so local allocation is still produced with reduced confidence."
1992-04-01,china,unknown,unknown,,unknown,low,0.0,neutral,0.0,neutral,0.0,neutral,0.0,neutral,medium,"Valuation is missing, so local allocation is still produced with reduced confidence."
1992-05-01,china,unknown,unknown,,unknown,low,0.0,neutral,0.0,neutral,0.0,neutral,0.0,neutral,medium,"Valuation is missing, so local allocation is still produced with reduced confidence."
1992-06-01,china,unknown,unknown,,unknown,low,0.0,neutral,0.0,neutral,0.0,neutral,0.0,neutral,medium,"Valuation is missing, so local allocation is still produced with reduced confidence."
1992-07-01,china,unknown,unknown,,unknown,low,0.0,neutral,0.0,neutral,0.0,neutral,0.0,neutral,medium,"Valuation is missing, so local allocation is still produced with reduced confidence."
1992-08-01,china,unknown,unknown,,unknown,low,0.0,neutral,0.0,neutral,0.0,neutral,0.0,neutral,medium,"Valuation is missing, so local allocation is still produced with reduced confidence."
1992-09-01,china,unknown,unknown,,unknown,low,0.0,neutral,0.0,neutral,0.0,neutral,0.0,neutral,medium,"Valuation is missing, so local allocation is still produced with reduced confidence."
1992-10-01,china,unknown,unknown,,unknown,low,0.0,neutral,0.0,neutral,0.0,neutral,0.0,neutral,medium,"Valuation is missing, so local allocation is still produced with reduced confidence."
1992-11-01,china,unknown,unknown,,unknown,low,0.0,neutral,0.0,neutral,0.0,neutral,0.0,neutral,medium,"Valuation is missing, so local allocation is still produced with reduced confidence."
1992-12-01,china,unknown,unknown,,unknown,low,0.0,neutral,0.0,neutral,0.0,neutral,0.0,neutral,medium,"Valuation is missing, so local allocation is still produced with reduced confidence."
1993-01-01,china,unknown,unknown,,unknown,low,0.0,neutral,0.0,neutral,0.0,neutral,0.0,neutral,medium,"Valuation is missing, so local allocation is still produced with reduced confidence."
1993-02-01,china,unknown,unknown,,unknown,low,0.0,neutral,0.0,neutral,0.0,neutral,0.0,neutral,medium,"Valuation is missing, so local allocation is still produced with reduced confidence."
1993-03-01,china,unknown,unknown,,unknown,low,0.0,neutral,0.0,neutral,0.0,neutral,0.0,neutral,medium,"Valuation is missing, so local allocation is still produced with reduced confidence."
1993-04-01,china,unknown,unknown,,unknown,low,0.0,neutral,0.0,neutral,0.0,neutral,0.0,neutral,medium,"Valuation is missing, so local allocation is still produced with reduced confidence."
1993-05-01,china,unknown,unknown,,unknown,low,0.0,neutral,0.0,neutral,0.0,neutral,0.0,neutral,medium,"Valuation is missing, so local allocation is still produced with reduced confidence."
1993-06-01,china,unknown,unknown,,unknown,low,0.0,neutral,0.0,neutral,0.0,neutral,0.0,neutral,medium,"Valuation is missing, so local allocation is still produced with reduced confidence."
1993-07-01,china,unknown,unknown,,unknown,low,0.0,neutral,0.0,neutral,0.0,neutral,0.0,neutral,medium,"Valuation is missing, so local allocation is still produced with reduced confidence."
1993-08-01,china,unknown,unknown,,unknown,low,0.0,neutral,0.0,neutral,0.0,neutral,0.0,neutral,medium,"Valuation is missing, so local allocation is still produced with reduced confidence."
1993-09-01,china,unknown,unknown,,unknown,low,0.0,neutral,0.0,neutral,0.0,neutral,0.0,neutral,medium,"Valuation is missing, so local allocation is still produced with reduced confidence."
1993-10-01,china,unknown,unknown,,unknown,low,0.0,neutral,0.0,neutral,0.0,neutral,0.0,neutral,medium,"Valuation is missing, so local allocation is still produced with reduced confidence."
1993-11-01,china,unknown,unknown,,unknown,low,0.0,neutral,0.0,neutral,0.0,neutral,0.0,neutral,medium,"Valuation is missing, so local allocation is still produced with reduced confidence."
1993-12-01,china,unknown,unknown,,unknown,low,0.0,neutral,0.0,neutral,0.0,neutral,0.0,neutral,medium,"Valuation is missing, so local allocation is still produced with reduced confidence."
1994-01-01,china,unknown,unknown,,unknown,low,0.0,neutral,0.0,neutral,0.0,neutral,0.0,neutral,medium,"Valuation is missing, so local allocation is still produced with reduced confidence."
1994-02-01,china,unknown,unknown,,unknown,low,0.0,neutral,0.0,neutral,0.0,neutral,0.0,neutral,medium,"Valuation is missing, so local allocation is still produced with reduced confidence."
1994-03-01,china,unknown,unknown,,unknown,low,0.0,neutral,0.0,neutral,0.0,neutral,0.0,neutral,medium,"Valuation is missing, so local allocation is still produced with reduced confidence."
1994-04-01,china,unknown,unknown,,unknown,low,0.0,neutral,0.0,neutral,0.0,neutral,0.0,neutral,medium,"Valuation is missing, so local allocation is still produced with reduced confidence."
1994-05-01,china,unknown,unknown,,unknown,low,0.0,neutral,0.0,neutral,0.0,neutral,0.0,neutral,medium,"Valuation is missing, so local allocation is still produced with reduced confidence."
1994-06-01,china,unknown,unknown,,unknown,low,0.0,neutral,0.0,neutral,0.0,neutral,0.0,neutral,medium,"Valuation is missing, so local allocation is still produced with reduced confidence."
1994-07-01,china,unknown,unknown,,unknown,low,0.0,neutral,0.0,neutral,0.0,neutral,0.0,neutral,medium,"Valuation is missing, so local allocation is still produced with reduced confidence."
1994-08-01,china,unknown,unknown,,unknown,low,0.0,neutral,0.0,neutral,0.0,neutral,0.0,neutral,medium,"Valuation is missing, so local allocation is still produced with reduced confidence."
1994-09-01,china,unknown,unknown,,unknown,low,0.0,neutral,0.0,neutral,0.0,neutral,0.0,neutral,medium,"Valuation is missing, so local allocation is still produced with reduced confidence."
1994-10-01,china,unknown,unknown,,unknown,low,0.0,neutral,0.0,neutral,0.0,neutral,0.0,neutral,medium,"Valuation is missing, so local allocation is still produced with reduced confidence."
1994-11-01,china,unknown,unknown,,unknown,low,0.0,neutral,0.0,neutral,0.0,neutral,0.0,neutral,medium,"Valuation is missing, so local allocation is still produced with reduced confidence."
1994-12-01,china,unknown,unknown,,unknown,low,0.0,neutral,0.0,neutral,0.0,neutral,0.0,neutral,medium,"Valuation is missing, so local allocation is still produced with reduced confidence."
1995-01-01,china,unknown,unknown,,unknown,low,0.0,neutral,0.0,neutral,0.0,neutral,0.0,neutral,medium,"Valuation is missing, so local allocation is still produced with reduced confidence."
1995-02-01,china,unknown,unknown,,unknown,low,0.0,neutral,0.0,neutral,0.0,neutral,0.0,neutral,medium,"Valuation is missing, so local allocation is still produced with reduced confidence."
1995-03-01,china,unknown,unknown,,unknown,low,0.0,neutral,0.0,neutral,0.0,neutral,0.0,neutral,medium,"Valuation is missing, so local allocation is still produced with reduced confidence."
1995-04-01,china,unknown,unknown,,unknown,low,0.0,neutral,0.0,neutral,0.0,neutral,0.0,neutral,medium,"Valuation is missing, so local allocation is still produced with reduced confidence."
1995-05-01,china,unknown,unknown,,unknown,low,0.0,neutral,0.0,neutral,0.0,neutral,0.0,neutral,medium,"Valuation is missing, so local allocation is still produced with reduced confidence."
1995-06-01,china,unknown,unknown,,unknown,low,0.0,neutral,0.0,neutral,0.0,neutral,0.0,neutral,medium,"Valuation is missing, so local allocation is still produced with reduced confidence."
1995-07-01,china,unknown,unknown,,unknown,low,0.0,neutral,0.0,neutral,0.0,neutral,0.0,neutral,medium,"Valuation is missing, so local allocation is still produced with reduced confidence."
1995-08-01,china,unknown,unknown,,unknown,low,0.0,neutral,0.0,neutral,0.0,neutral,0.0,neutral,medium,"Valuation is missing, so local allocation is still produced with reduced confidence."
1995-09-01,china,unknown,unknown,,unknown,low,0.0,neutral,0.0,neutral,0.0,neutral,0.0,neutral,medium,"Valuation is missing, so local allocation is still produced with reduced confidence."
1995-10-01,china,unknown,unknown,,unknown,low,0.0,neutral,0.0,neutral,0.0,neutral,0.0,neutral,medium,"Valuation is missing, so local allocation is still produced with reduced confidence."
1995-11-01,china,unknown,unknown,,unknown,low,0.0,neutral,0.0,neutral,0.0,neutral,0.0,neutral,medium,"Valuation is missing, so local allocation is still produced with reduced confidence."
1995-12-01,china,unknown,unknown,,unknown,low,0.0,neutral,0.0,neutral,0.0,neutral,0.0,neutral,medium,"Valuation is missing, so local allocation is still produced with reduced confidence."
1996-01-01,china,unknown,unknown,,unknown,low,0.0,neutral,0.0,neutral,0.0,neutral,0.0,neutral,medium,"Valuation is missing, so local allocation is still produced with reduced confidence."
1996-02-01,china,unknown,unknown,,unknown,low,0.0,neutral,0.0,neutral,0.0,neutral,0.0,neutral,medium,"Valuation is missing, so local allocation is still produced with reduced confidence."
1996-03-01,china,unknown,unknown,,unknown,low,0.0,neutral,0.0,neutral,0.0,neutral,0.0,neutral,medium,"Valuation is missing, so local allocation is still produced with reduced confidence."
1996-04-01,china,unknown,unknown,,unknown,low,0.0,neutral,0.0,neutral,0.0,neutral,0.0,neutral,medium,"Valuation is missing, so local allocation is still produced with reduced confidence."
1996-05-01,china,unknown,unknown,,unknown,low,0.0,neutral,0.0,neutral,0.0,neutral,0.0,neutral,medium,"Valuation is missing, so local allocation is still produced with reduced confidence."
1996-06-01,china,unknown,unknown,,unknown,low,0.0,neutral,0.0,neutral,0.0,neutral,0.0,neutral,medium,"Valuation is missing, so local allocation is still produced with reduced confidence."
1996-07-01,china,unknown,unknown,,unknown,low,0.0,neutral,0.0,neutral,0.0,neutral,0.0,neutral,medium,"Valuation is missing, so local allocation is still produced with reduced confidence."
1996-08-01,china,unknown,unknown,,unknown,low,0.0,neutral,0.0,neutral,0.0,neutral,0.0,neutral,medium,"Valuation is missing, so local allocation is still produced with reduced confidence."
1996-09-01,china,unknown,unknown,,unknown,low,0.0,neutral,0.0,neutral,0.0,neutral,0.0,neutral,medium,"Valuation is missing, so local allocation is still produced with reduced confidence."
1996-10-01,china,unknown,unknown,,unknown,low,0.0,neutral,0.0,neutral,0.0,neutral,0.0,neutral,medium,"Valuation is missing, so local allocation is still produced with reduced confidence."
1996-11-01,china,unknown,unknown,,unknown,low,0.0,neutral,0.0,neutral,0.0,neutral,0.0,neutral,medium,"Valuation is missing, so local allocation is still produced with reduced confidence."
1996-12-01,china,unknown,unknown,,unknown,low,0.0,neutral,0.0,neutral,0.0,neutral,0.0,neutral,medium,"Valuation is missing, so local allocation is still produced with reduced confidence."
1997-01-01,china,unknown,unknown,,unknown,low,0.0,neutral,0.0,neutral,0.0,neutral,0.0,neutral,medium,"Valuation is missing, so local allocation is still produced with reduced confidence."
1997-02-01,china,unknown,unknown,,unknown,low,0.0,neutral,0.0,neutral,0.0,neutral,0.0,neutral,medium,"Valuation is missing, so local allocation is still produced with reduced confidence."
1997-03-01,china,unknown,unknown,,unknown,low,0.0,neutral,0.0,neutral,0.0,neutral,0.0,neutral,medium,"Valuation is missing, so local allocation is still produced with reduced confidence."
1997-04-01,china,unknown,unknown,,unknown,low,0.0,neutral,0.0,neutral,0.0,neutral,0.0,neutral,medium,"Valuation is missing, so local allocation is still produced with reduced confidence."
1997-05-01,china,unknown,unknown,,unknown,low,0.0,neutral,0.0,neutral,0.0,neutral,0.0,neutral,medium,"Valuation is missing, so local allocation is still produced with reduced confidence."
1997-06-01,china,unknown,unknown,,unknown,low,0.0,neutral,0.0,neutral,0.0,neutral,0.0,neutral,medium,"Valuation is missing, so local allocation is still produced with reduced confidence."
1997-07-01,china,unknown,unknown,,unknown,low,0.0,neutral,0.0,neutral,0.0,neutral,0.0,neutral,medium,"Valuation is missing, so local allocation is still produced with reduced confidence."
1997-08-01,china,unknown,unknown,,unknown,low,0.0,neutral,0.0,neutral,0.0,neutral,0.0,neutral,medium,"Valuation is missing, so local allocation is still produced with reduced confidence."
1997-09-01,china,unknown,unknown,,unknown,low,0.0,neutral,0.0,neutral,0.0,neutral,0.0,neutral,medium,"Valuation is missing, so local allocation is still produced with reduced confidence."
1997-10-01,china,unknown,unknown,,unknown,low,0.0,neutral,0.0,neutral,0.0,neutral,0.0,neutral,medium,"Valuation is missing, so local allocation is still produced with reduced confidence."
1997-11-01,china,unknown,unknown,,unknown,low,0.0,neutral,0.0,neutral,0.0,neutral,0.0,neutral,medium,"Valuation is missing, so local allocation is still produced with reduced confidence."
1997-12-01,china,unknown,unknown,,unknown,low,0.0,neutral,0.0,neutral,0.0,neutral,0.0,neutral,medium,"Valuation is missing, so local allocation is still produced with reduced confidence."
1998-01-01,china,unknown,unknown,,unknown,low,0.0,neutral,0.0,neutral,0.0,neutral,0.0,neutral,medium,"Valuation is missing, so local allocation is still produced with reduced confidence."
1998-02-01,china,unknown,unknown,,unknown,low,0.0,neutral,0.0,neutral,0.0,neutral,0.0,neutral,medium,"Valuation is missing, so local allocation is still produced with reduced confidence."
1998-03-01,china,unknown,unknown,,unknown,low,0.0,neutral,0.0,neutral,0.0,neutral,0.0,neutral,medium,"Valuation is missing, so local allocation is still produced with reduced confidence."
1998-04-01,china,unknown,tight,,unknown,low,-1.0,cautious,0.5,neutral,-0.5,neutral,2.0,bullish,medium,"Valuation is missing, so local allocation is still produced with reduced confidence."
1998-05-01,china,unknown,tight,,unknown,low,-1.0,cautious,0.5,neutral,-0.5,neutral,2.0,bullish,medium,"Valuation is missing, so local allocation is still produced with reduced confidence."
1998-06-01,china,unknown,neutral,,unknown,low,0.0,neutral,0.0,neutral,0.0,neutral,0.0,neutral,medium,"Valuation is missing, so local allocation is still produced with reduced confidence."
1998-07-01,china,unknown,tight,,unknown,low,-1.0,cautious,0.5,neutral,-0.5,neutral,2.0,bullish,medium,"Valuation is missing, so local allocation is still produced with reduced confidence."
1998-08-01,china,unknown,neutral,,unknown,low,0.0,neutral,0.0,neutral,0.0,neutral,0.0,neutral,medium,"Valuation is missing, so local allocation is still produced with reduced confidence."
1998-09-01,china,unknown,tight,,unknown,low,-1.0,cautious,0.5,neutral,-0.5,neutral,2.0,bullish,medium,"Valuation is missing, so local allocation is still produced with reduced confidence."
1998-10-01,china,unknown,neutral,,unknown,low,0.0,neutral,0.0,neutral,0.0,neutral,0.0,neutral,medium,"Valuation is missing, so local allocation is still produced with reduced confidence."
1998-11-01,china,unknown,easy,,unknown,low,1.0,neutral,-0.5,neutral,0.5,neutral,-1.0,cautious,medium,"Valuation is missing, so local allocation is still produced with reduced confidence."
1998-12-01,china,unknown,easy,,unknown,low,1.0,neutral,-0.5,neutral,0.5,neutral,-1.0,cautious,medium,"Valuation is missing, so local allocation is still produced with reduced confidence."
1999-01-01,china,unknown,tight,,unknown,low,-1.0,cautious,0.5,neutral,-0.5,neutral,2.0,bullish,medium,"Valuation is missing, so local allocation is still produced with reduced confidence."
1999-02-01,china,unknown,tight,,unknown,low,-1.0,cautious,0.5,neutral,-0.5,neutral,2.0,bullish,medium,"Valuation is missing, so local allocation is still produced with reduced confidence."
1999-03-01,china,unknown,easy,,unknown,low,1.0,neutral,-0.5,neutral,0.5,neutral,-1.0,cautious,medium,"Valuation is missing, so local allocation is still produced with reduced confidence."
1999-04-01,china,unknown,easy,,unknown,low,1.0,neutral,-0.5,neutral,0.5,neutral,-1.0,cautious,medium,"Valuation is missing, so local allocation is still produced with reduced confidence."
1999-05-01,china,unknown,easy,,unknown,low,1.0,neutral,-0.5,neutral,0.5,neutral,-1.0,cautious,medium,"Valuation is missing, so local allocation is still produced with reduced confidence."
1999-06-01,china,unknown,easy,,unknown,low,1.0,neutral,-0.5,neutral,0.5,neutral,-1.0,cautious,medium,"Valuation is missing, so local allocation is still produced with reduced confidence."
1999-07-01,china,unknown,easy,,unknown,low,1.0,neutral,-0.5,neutral,0.5,neutral,-1.0,cautious,medium,"Valuation is missing, so local allocation is still produced with reduced confidence."
1999-08-01,china,unknown,neutral,,unknown,low,0.0,neutral,0.0,neutral,0.0,neutral,0.0,neutral,medium,"Valuation is missing, so local allocation is still produced with reduced confidence."
1999-09-01,china,unknown,neutral,,unknown,low,0.0,neutral,0.0,neutral,0.0,neutral,0.0,neutral,medium,"Valuation is missing, so local allocation is still produced with reduced confidence."
1999-10-01,china,unknown,tight,,unknown,low,-1.0,cautious,0.5,neutral,-0.5,neutral,2.0,bullish,medium,"Valuation is missing, so local allocation is still produced with reduced confidence."
1999-11-01,china,unknown,tight,,unknown,low,-1.0,cautious,0.5,neutral,-0.5,neutral,2.0,bullish,medium,"Valuation is missing, so local allocation is still produced with reduced confidence."
1999-12-01,china,unknown,tight,,unknown,low,-1.0,cautious,0.5,neutral,-0.5,neutral,2.0,bullish,medium,"Valuation is missing, so local allocation is still produced with reduced confidence."
2000-01-01,china,unknown,tight,,unknown,low,-1.0,cautious,0.5,neutral,-0.5,neutral,2.0,bullish,medium,"Valuation is missing, so local allocation is still produced with reduced confidence."
2000-02-01,china,unknown,tight,,unknown,low,-1.0,cautious,0.5,neutral,-0.5,neutral,2.0,bullish,medium,"Valuation is missing, so local allocation is still produced with reduced confidence."
2000-03-01,china,unknown,tight,,unknown,low,-1.0,cautious,0.5,neutral,-0.5,neutral,2.0,bullish,medium,"Valuation is missing, so local allocation is still produced with reduced confidence."
2000-04-01,china,unknown,tight,,unknown,low,-1.0,cautious,0.5,neutral,-0.5,neutral,2.0,bullish,medium,"Valuation is missing, so local allocation is still produced with reduced confidence."
2000-05-01,china,unknown,tight,,unknown,low,-1.0,cautious,0.5,neutral,-0.5,neutral,2.0,bullish,medium,"Valuation is missing, so local allocation is still produced with reduced confidence."
2000-06-01,china,unknown,tight,,unknown,low,-1.0,cautious,0.5,neutral,-0.5,neutral,2.0,bullish,medium,"Valuation is missing, so local allocation is still produced with reduced confidence."
2000-07-01,china,unknown,tight,,unknown,low,-1.0,cautious,0.5,neutral,-0.5,neutral,2.0,bullish,medium,"Valuation is missing, so local allocation is still produced with reduced confidence."
2000-08-01,china,unknown,neutral,,unknown,low,0.0,neutral,0.0,neutral,0.0,neutral,0.0,neutral,medium,"Valuation is missing, so local allocation is still produced with reduced confidence."
2000-09-01,china,unknown,tight,,unknown,low,-1.0,cautious,0.5,neutral,-0.5,neutral,2.0,bullish,medium,"Valuation is missing, so local allocation is still produced with reduced confidence."
2000-10-01,china,unknown,neutral,,unknown,low,0.0,neutral,0.0,neutral,0.0,neutral,0.0,neutral,medium,"Valuation is missing, so local allocation is still produced with reduced confidence."
2000-11-01,china,unknown,tight,,unknown,low,-1.0,cautious,0.5,neutral,-0.5,neutral,2.0,bullish,medium,"Valuation is missing, so local allocation is still produced with reduced confidence."
2000-12-01,china,unknown,neutral,,unknown,low,0.0,neutral,0.0,neutral,0.0,neutral,0.0,neutral,medium,"Valuation is missing, so local allocation is still produced with reduced confidence."
2001-01-01,china,unknown,tight,,unknown,low,-1.0,cautious,0.5,neutral,-0.5,neutral,2.0,bullish,medium,"Valuation is missing, so local allocation is still produced with reduced confidence."
2001-02-01,china,unknown,neutral,,unknown,low,0.0,neutral,0.0,neutral,0.0,neutral,0.0,neutral,medium,"Valuation is missing, so local allocation is still produced with reduced confidence."
2001-03-01,china,unknown,neutral,,unknown,low,0.0,neutral,0.0,neutral,0.0,neutral,0.0,neutral,medium,"Valuation is missing, so local allocation is still produced with reduced confidence."
2001-04-01,china,unknown,neutral,,unknown,low,0.0,neutral,0.0,neutral,0.0,neutral,0.0,neutral,medium,"Valuation is missing, so local allocation is still produced with reduced confidence."
2001-05-01,china,unknown,tight,,unknown,low,-1.0,cautious,0.5,neutral,-0.5,neutral,2.0,bullish,medium,"Valuation is missing, so local allocation is still produced with reduced confidence."
2001-06-01,china,unknown,tight,,unknown,low,-1.0,cautious,0.5,neutral,-0.5,neutral,2.0,bullish,medium,"Valuation is missing, so local allocation is still produced with reduced confidence."
2001-07-01,china,unknown,tight,,unknown,low,-1.0,cautious,0.5,neutral,-0.5,neutral,2.0,bullish,medium,"Valuation is missing, so local allocation is still produced with reduced confidence."
2001-08-01,china,unknown,tight,,unknown,low,-1.0,cautious,0.5,neutral,-0.5,neutral,2.0,bullish,medium,"Valuation is missing, so local allocation is still produced with reduced confidence."
2001-09-01,china,unknown,tight,,unknown,low,-1.0,cautious,0.5,neutral,-0.5,neutral,2.0,bullish,medium,"Valuation is missing, so local allocation is still produced with reduced confidence."
2001-10-01,china,unknown,tight,,unknown,low,-1.0,cautious,0.5,neutral,-0.5,neutral,2.0,bullish,medium,"Valuation is missing, so local allocation is still produced with reduced confidence."
2001-11-01,china,unknown,tight,,unknown,low,-1.0,cautious,0.5,neutral,-0.5,neutral,2.0,bullish,medium,"Valuation is missing, so local allocation is still produced with reduced confidence."
2001-12-01,china,unknown,tight,,unknown,low,-1.0,cautious,0.5,neutral,-0.5,neutral,2.0,bullish,medium,"Valuation is missing, so local allocation is still produced with reduced confidence."
2002-01-01,china,unknown,tight,,unknown,low,-1.0,cautious,0.5,neutral,-0.5,neutral,2.0,bullish,medium,"Valuation is missing, so local allocation is still produced with reduced confidence."
2002-02-01,china,unknown,tight,,unknown,low,-1.0,cautious,0.5,neutral,-0.5,neutral,2.0,bullish,medium,"Valuation is missing, so local allocation is still produced with reduced confidence."
2002-03-01,china,unknown,tight,,unknown,low,-1.0,cautious,0.5,neutral,-0.5,neutral,2.0,bullish,medium,"Valuation is missing, so local allocation is still produced with reduced confidence."
2002-04-01,china,unknown,neutral,,unknown,low,0.0,neutral,0.0,neutral,0.0,neutral,0.0,neutral,medium,"Valuation is missing, so local allocation is still produced with reduced confidence."
2002-05-01,china,unknown,tight,,unknown,low,-1.0,cautious,0.5,neutral,-0.5,neutral,2.0,bullish,medium,"Valuation is missing, so local allocation is still produced with reduced confidence."
2002-06-01,china,unknown,tight,,unknown,low,-1.0,cautious,0.5,neutral,-0.5,neutral,2.0,bullish,medium,"Valuation is missing, so local allocation is still produced with reduced confidence."
2002-07-01,china,unknown,neutral,,unknown,low,0.0,neutral,0.0,neutral,0.0,neutral,0.0,neutral,medium,"Valuation is missing, so local allocation is still produced with reduced confidence."
2002-08-01,china,unknown,neutral,,unknown,low,0.0,neutral,0.0,neutral,0.0,neutral,0.0,neutral,medium,"Valuation is missing, so local allocation is still produced with reduced confidence."
2002-09-01,china,unknown,neutral,,unknown,low,0.0,neutral,0.0,neutral,0.0,neutral,0.0,neutral,medium,"Valuation is missing, so local allocation is still produced with reduced confidence."
2002-10-01,china,unknown,easy,,unknown,low,1.0,neutral,-0.5,neutral,0.5,neutral,-1.0,cautious,medium,"Valuation is missing, so local allocation is still produced with reduced confidence."
2002-11-01,china,unknown,easy,,unknown,low,1.0,neutral,-0.5,neutral,0.5,neutral,-1.0,cautious,medium,"Valuation is missing, so local allocation is still produced with reduced confidence."
2002-12-01,china,unknown,easy,,unknown,low,1.0,neutral,-0.5,neutral,0.5,neutral,-1.0,cautious,medium,"Valuation is missing, so local allocation is still produced with reduced confidence."
2003-01-01,china,unknown,easy,,unknown,low,1.0,neutral,-0.5,neutral,0.5,neutral,-1.0,cautious,medium,"Valuation is missing, so local allocation is still produced with reduced confidence."
2003-02-01,china,unknown,easy,,unknown,low,1.0,neutral,-0.5,neutral,0.5,neutral,-1.0,cautious,medium,"Valuation is missing, so local allocation is still produced with reduced confidence."
2003-03-01,china,unknown,easy,,unknown,low,1.0,neutral,-0.5,neutral,0.5,neutral,-1.0,cautious,medium,"Valuation is missing, so local allocation is still produced with reduced confidence."
2003-04-01,china,unknown,easy,,unknown,low,1.0,neutral,-0.5,neutral,0.5,neutral,-1.0,cautious,medium,"Valuation is missing, so local allocation is still produced with reduced confidence."
2003-05-01,china,unknown,easy,,unknown,low,1.0,neutral,-0.5,neutral,0.5,neutral,-1.0,cautious,medium,"Valuation is missing, so local allocation is still produced with reduced confidence."
2003-06-01,china,unknown,easy,,unknown,low,1.0,neutral,-0.5,neutral,0.5,neutral,-1.0,cautious,medium,"Valuation is missing, so local allocation is still produced with reduced confidence."
2003-07-01,china,unknown,easy,,unknown,low,1.0,neutral,-0.5,neutral,0.5,neutral,-1.0,cautious,medium,"Valuation is missing, so local allocation is still produced with reduced confidence."
2003-08-01,china,unknown,easy,,unknown,low,1.0,neutral,-0.5,neutral,0.5,neutral,-1.0,cautious,medium,"Valuation is missing, so local allocation is still produced with reduced confidence."
2003-09-01,china,unknown,easy,,unknown,low,1.0,neutral,-0.5,neutral,0.5,neutral,-1.0,cautious,medium,"Valuation is missing, so local allocation is still produced with reduced confidence."
2003-10-01,china,unknown,easy,,unknown,low,1.0,neutral,-0.5,neutral,0.5,neutral,-1.0,cautious,medium,"Valuation is missing, so local allocation is still produced with reduced confidence."
2003-11-01,china,unknown,easy,,unknown,low,1.0,neutral,-0.5,neutral,0.5,neutral,-1.0,cautious,medium,"Valuation is missing, so local allocation is still produced with reduced confidence."
2003-12-01,china,unknown,easy,,unknown,low,1.0,neutral,-0.5,neutral,0.5,neutral,-1.0,cautious,medium,"Valuation is missing, so local allocation is still produced with reduced confidence."
2004-01-01,china,unknown,easy,,unknown,low,1.0,neutral,-0.5,neutral,0.5,neutral,-1.0,cautious,medium,"Valuation is missing, so local allocation is still produced with reduced confidence."
2004-02-01,china,unknown,easy,,unknown,low,1.0,neutral,-0.5,neutral,0.5,neutral,-1.0,cautious,medium,"Valuation is missing, so local allocation is still produced with reduced confidence."
2004-03-01,china,unknown,easy,,unknown,low,1.0,neutral,-0.5,neutral,0.5,neutral,-1.0,cautious,medium,"Valuation is missing, so local allocation is still produced with reduced confidence."
2004-04-01,china,unknown,easy,,unknown,low,1.0,neutral,-0.5,neutral,0.5,neutral,-1.0,cautious,medium,"Valuation is missing, so local allocation is still produced with reduced confidence."
2004-05-01,china,unknown,easy,,unknown,low,1.0,neutral,-0.5,neutral,0.5,neutral,-1.0,cautious,medium,"Valuation is missing, so local allocation is still produced with reduced confidence."
2004-06-01,china,unknown,easy,,unknown,low,1.0,neutral,-0.5,neutral,0.5,neutral,-1.0,cautious,medium,"Valuation is missing, so local allocation is still produced with reduced confidence."
2004-07-01,china,unknown,neutral,,unknown,low,0.0,neutral,0.0,neutral,0.0,neutral,0.0,neutral,medium,"Valuation is missing, so local allocation is still produced with reduced confidence."
2004-08-01,china,unknown,neutral,,unknown,low,0.0,neutral,0.0,neutral,0.0,neutral,0.0,neutral,medium,"Valuation is missing, so local allocation is still produced with reduced confidence."
2004-09-01,china,unknown,tight,,unknown,low,-1.0,cautious,0.5,neutral,-0.5,neutral,2.0,bullish,medium,"Valuation is missing, so local allocation is still produced with reduced confidence."
2004-10-01,china,unknown,tight,,unknown,low,-1.0,cautious,0.5,neutral,-0.5,neutral,2.0,bullish,medium,"Valuation is missing, so local allocation is still produced with reduced confidence."
2004-11-01,china,unknown,tight,,unknown,low,-1.0,cautious,0.5,neutral,-0.5,neutral,2.0,bullish,medium,"Valuation is missing, so local allocation is still produced with reduced confidence."
2004-12-01,china,unknown,tight,,unknown,low,-1.0,cautious,0.5,neutral,-0.5,neutral,2.0,bullish,medium,"Valuation is missing, so local allocation is still produced with reduced confidence."
2005-01-01,china,unknown,tight,,unknown,low,-1.0,cautious,0.5,neutral,-0.5,neutral,2.0,bullish,medium,"Valuation is missing, so local allocation is still produced with reduced confidence."
2005-02-01,china,unknown,tight,,unknown,low,-1.0,cautious,0.5,neutral,-0.5,neutral,2.0,bullish,medium,"Valuation is missing, so local allocation is still produced with reduced confidence."
2005-03-01,china,unknown,tight,,unknown,low,-1.0,cautious,0.5,neutral,-0.5,neutral,2.0,bullish,medium,"Valuation is missing, so local allocation is still produced with reduced confidence."
2005-04-01,china,unknown,tight,0.0818418874062779,fair,low,-1.0,cautious,0.5,neutral,-0.5,neutral,2.0,bullish,medium,"Macro and valuation inputs are available, but valuation coverage is still partial."
2005-05-01,china,unknown,tight,0.2768168042447406,fair,low,-1.0,cautious,0.5,neutral,-0.5,neutral,2.0,bullish,medium,"Macro and valuation inputs are available, but valuation coverage is still partial."
2005-06-01,china,unknown,tight,0.2354571064979284,fair,low,-1.0,cautious,0.5,neutral,-0.5,neutral,2.0,bullish,medium,"Macro and valuation inputs are available, but valuation coverage is still partial."
2005-07-01,china,unknown,neutral,0.1940974087511162,fair,low,0.0,neutral,0.0,neutral,0.0,neutral,0.0,neutral,medium,"Macro and valuation inputs are available, but valuation coverage is still partial."
2005-08-01,china,unknown,neutral,0.1839933483374178,fair,low,0.0,neutral,0.0,neutral,0.0,neutral,0.0,neutral,medium,"Macro and valuation inputs are available, but valuation coverage is still partial."
2005-09-01,china,unknown,easy,0.2159540382345122,fair,low,1.0,neutral,-0.5,neutral,0.5,neutral,-1.0,cautious,medium,"Macro and valuation inputs are available, but valuation coverage is still partial."
2005-10-01,china,unknown,easy,0.3523335104266241,fair,low,1.0,neutral,-0.5,neutral,0.5,neutral,-1.0,cautious,medium,"Macro and valuation inputs are available, but valuation coverage is still partial."
2005-11-01,china,unknown,easy,0.3521762677446209,fair,low,1.0,neutral,-0.5,neutral,0.5,neutral,-1.0,cautious,medium,"Macro and valuation inputs are available, but valuation coverage is still partial."
2005-12-01,china,unknown,easy,0.2508110202234967,fair,low,1.0,neutral,-0.5,neutral,0.5,neutral,-1.0,cautious,medium,"Macro and valuation inputs are available, but valuation coverage is still partial."
2006-01-01,china,unknown,easy,0.121715398189161,fair,low,1.0,neutral,-0.5,neutral,0.5,neutral,-1.0,cautious,medium,"Macro and valuation inputs are available, but valuation coverage is still partial."
2006-02-01,china,unknown,easy,0.0563839132670113,fair,low,1.0,neutral,-0.5,neutral,0.5,neutral,-1.0,cautious,medium,"Macro and valuation inputs are available, but valuation coverage is still partial."
2006-03-01,china,unknown,easy,0.0885779276820767,fair,low,1.0,neutral,-0.5,neutral,0.5,neutral,-1.0,cautious,medium,"Macro and valuation inputs are available, but valuation coverage is still partial."
2006-04-01,china,unknown,easy,-0.0792195035352194,fair,low,1.0,neutral,-0.5,neutral,0.5,neutral,-1.0,cautious,medium,"Macro and valuation inputs are available, but valuation coverage is still partial."
2006-05-01,china,unknown,easy,-0.3182982465404485,fair,low,1.0,neutral,-0.5,neutral,0.5,neutral,-1.0,cautious,medium,"Macro and valuation inputs are available, but valuation coverage is still partial."
2006-06-01,china,unknown,easy,-0.3437562206797151,fair,low,1.0,neutral,-0.5,neutral,0.5,neutral,-1.0,cautious,medium,"Macro and valuation inputs are available, but valuation coverage is still partial."
2006-07-01,china,unknown,easy,-0.3570000557234092,fair,low,1.0,neutral,-0.5,neutral,0.5,neutral,-1.0,cautious,medium,"Macro and valuation inputs are available, but valuation coverage is still partial."
2006-08-01,china,unknown,easy,-0.3681236540650942,fair,low,1.0,neutral,-0.5,neutral,0.5,neutral,-1.0,cautious,medium,"Macro and valuation inputs are available, but valuation coverage is still partial."
2006-09-01,china,unknown,easy,-0.4756771319800399,fair,low,1.0,neutral,-0.5,neutral,0.5,neutral,-1.0,cautious,medium,"Macro and valuation inputs are available, but valuation coverage is still partial."
2006-10-01,china,unknown,neutral,-0.3749357761768611,fair,low,0.0,neutral,0.0,neutral,0.0,neutral,0.0,neutral,medium,"Macro and valuation inputs are available, but valuation coverage is still partial."
2006-11-01,china,unknown,neutral,-0.912241595725715,expensive,low,-1.0,cautious,0.5,neutral,1.0,neutral,1.0,neutral,medium,"Macro and valuation inputs are available, but valuation coverage is still partial."
2006-12-01,china,unknown,neutral,-1.81975577716004,expensive,low,-1.0,cautious,0.5,neutral,1.0,neutral,1.0,neutral,medium,"Macro and valuation inputs are available, but valuation coverage is still partial."
2007-01-01,china,unknown,neutral,-2.322904588273823,expensive,low,-1.0,cautious,0.5,neutral,1.0,neutral,1.0,neutral,medium,"Macro and valuation inputs are available, but valuation coverage is still partial."
2007-02-01,china,unknown,neutral,-2.3704525164144563,expensive,low,-1.0,cautious,0.5,neutral,1.0,neutral,1.0,neutral,medium,"Macro and valuation inputs are available, but valuation coverage is still partial."
2007-03-01,china,unknown,easy,-2.595034561930033,expensive,low,0.0,neutral,0.0,neutral,1.5,neutral,0.0,neutral,medium,"Macro and valuation inputs are available, but valuation coverage is still partial."
2007-04-01,china,unknown,easy,-2.671550489999634,expensive,low,0.0,neutral,0.0,neutral,1.5,neutral,0.0,neutral,medium,"Macro and valuation inputs are available, but valuation coverage is still partial."
2007-05-01,china,unknown,neutral,-3.176971701487361,expensive,low,-1.0,cautious,0.5,neutral,1.0,neutral,1.0,neutral,medium,"Macro and valuation inputs are available, but valuation coverage is still partial."
2007-06-01,china,unknown,neutral,-2.941808788502009,expensive,low,-1.0,cautious,0.5,neutral,1.0,neutral,1.0,neutral,medium,"Macro and valuation inputs are available, but valuation coverage is still partial."
2007-07-01,china,unknown,neutral,-3.788531206752006,expensive,low,-1.0,cautious,0.5,neutral,1.0,neutral,1.0,neutral,medium,"Macro and valuation inputs are available, but valuation coverage is still partial."
2007-08-01,china,unknown,easy,-4.088290078035123,expensive,low,0.0,neutral,0.0,neutral,1.5,neutral,0.0,neutral,medium,"Macro and valuation inputs are available, but valuation coverage is still partial."
2007-09-01,china,unknown,easy,-4.46860757934436,expensive,low,0.0,neutral,0.0,neutral,1.5,neutral,0.0,neutral,medium,"Macro and valuation inputs are available, but valuation coverage is still partial."
2007-10-01,china,unknown,easy,-4.789386179915226,expensive,low,0.0,neutral,0.0,neutral,1.5,neutral,0.0,neutral,medium,"Macro and valuation inputs are available, but valuation coverage is still partial."
2007-11-01,china,unknown,easy,-3.886492881064759,expensive,low,0.0,neutral,0.0,neutral,1.5,neutral,0.0,neutral,medium,"Macro and valuation inputs are available, but valuation coverage is still partial."
2007-12-01,china,unknown,easy,-4.2881141229653466,expensive,low,0.0,neutral,0.0,neutral,1.5,neutral,0.0,neutral,medium,"Macro and valuation inputs are available, but valuation coverage is still partial."
2008-01-01,china,unknown,neutral,-3.189241606378632,expensive,low,-1.0,cautious,0.5,neutral,1.0,neutral,1.0,neutral,medium,"Macro and valuation inputs are available, but valuation coverage is still partial."
2008-02-01,china,unknown,easy,-3.0982949046352126,expensive,low,0.0,neutral,0.0,neutral,1.5,neutral,0.0,neutral,medium,"Macro and valuation inputs are available, but valuation coverage is still partial."
2008-03-01,china,reflation,easy,-1.955313482871664,expensive,low,1.0,neutral,-1.0,cautious,1.5,neutral,0.0,neutral,medium,"Macro and valuation inputs are available, but valuation coverage is still partial."
2008-04-01,china,reflation,neutral,-2.0732043457182785,expensive,low,0.0,neutral,-0.5,neutral,1.0,neutral,1.0,neutral,medium,"Macro and valuation inputs are available, but valuation coverage is still partial."
2008-05-01,china,goldilocks,neutral,-1.7715382462108538,expensive,low,1.0,neutral,0.5,neutral,0.0,neutral,0.0,neutral,medium,"Macro and valuation inputs are available, but valuation coverage is still partial."
2008-06-01,china,slowdown,easy,-1.0624532416089942,expensive,low,-1.0,cautious,2.0,bullish,1.0,neutral,1.0,neutral,medium,"Macro and valuation inputs are available, but valuation coverage is still partial."
2008-07-01,china,slowdown,neutral,-1.075849240324624,expensive,low,-2.0,cautious,2.5,bullish,0.5,neutral,2.0,bullish,medium,"Macro and valuation inputs are available, but valuation coverage is still partial."
2008-08-01,china,slowdown,neutral,-0.6020032305440842,expensive,low,-2.0,cautious,2.5,bullish,0.5,neutral,2.0,bullish,medium,"Macro and valuation inputs are available, but valuation coverage is still partial."
2008-09-01,china,slowdown,neutral,-0.4765901140116545,fair,low,-1.0,cautious,2.0,bullish,-0.5,neutral,1.0,neutral,medium,"Macro and valuation inputs are available, but valuation coverage is still partial."
2008-10-01,china,slowdown,tight,0.1646526017660723,fair,low,-2.0,cautious,2.5,bullish,-1.0,cautious,3.0,bullish,medium,"Macro and valuation inputs are available, but valuation coverage is still partial."
2008-11-01,china,slowdown,tight,0.030231044583899,fair,low,-2.0,cautious,2.5,bullish,-1.0,cautious,3.0,bullish,medium,"Macro and valuation inputs are available, but valuation coverage is still partial."
2008-12-01,china,slowdown,tight,0.1113070104315913,fair,low,-2.0,cautious,2.5,bullish,-1.0,cautious,3.0,bullish,medium,"Macro and valuation inputs are available, but valuation coverage is still partial."
2009-01-01,china,slowdown,easy,-0.0661988349893615,fair,low,0.0,neutral,1.5,neutral,0.0,neutral,0.0,neutral,medium,"Macro and valuation inputs are available, but valuation coverage is still partial."
2009-02-01,china,slowdown,easy,-0.1569882940507779,fair,low,0.0,neutral,1.5,neutral,0.0,neutral,0.0,neutral,medium,"Macro and valuation inputs are available, but valuation coverage is still partial."
2009-03-01,china,goldilocks,easy,-0.4664150507720557,fair,low,3.0,bullish,-0.5,neutral,-0.5,neutral,-2.0,cautious,medium,"Macro and valuation inputs are available, but valuation coverage is still partial."
2009-04-01,china,goldilocks,easy,-0.6198020243558027,expensive,low,2.0,bullish,0.0,neutral,0.5,neutral,-1.0,cautious,medium,"Macro and valuation inputs are available, but valuation coverage is still partial."
2009-05-01,china,goldilocks,easy,-0.7856364615530929,expensive,low,2.0,bullish,0.0,neutral,0.5,neutral,-1.0,cautious,medium,"Macro and valuation inputs are available, but valuation coverage is still partial."
2009-06-01,china,goldilocks,easy,-1.261516468179539,expensive,low,2.0,bullish,0.0,neutral,0.5,neutral,-1.0,cautious,medium,"Macro and valuation inputs are available, but valuation coverage is still partial."
2009-07-01,china,goldilocks,easy,-1.7595675896533876,expensive,low,2.0,bullish,0.0,neutral,0.5,neutral,-1.0,cautious,medium,"Macro and valuation inputs are available, but valuation coverage is still partial."
2009-08-01,china,goldilocks,easy,-0.8112465993642953,expensive,low,2.0,bullish,0.0,neutral,0.5,neutral,-1.0,cautious,medium,"Macro and valuation inputs are available, but valuation coverage is still partial."
2009-09-01,china,goldilocks,easy,-0.9686204057938196,expensive,low,2.0,bullish,0.0,neutral,0.5,neutral,-1.0,cautious,medium,"Macro and valuation inputs are available, but valuation coverage is still partial."
2009-10-01,china,goldilocks,easy,-1.0904321776703787,expensive,low,2.0,bullish,0.0,neutral,0.5,neutral,-1.0,cautious,medium,"Macro and valuation inputs are available, but valuation coverage is still partial."
2009-11-01,china,goldilocks,easy,-1.2419322390700875,expensive,low,2.0,bullish,0.0,neutral,0.5,neutral,-1.0,cautious,medium,"Macro and valuation inputs are available, but valuation coverage is still partial."
2009-12-01,china,goldilocks,easy,-1.3447075917191729,expensive,low,2.0,bullish,0.0,neutral,0.5,neutral,-1.0,cautious,medium,"Macro and valuation inputs are available, but valuation coverage is still partial."
2010-01-01,china,goldilocks,easy,-0.9994093940909912,expensive,low,2.0,bullish,0.0,neutral,0.5,neutral,-1.0,cautious,medium,"Macro and valuation inputs are available, but valuation coverage is still partial."
2010-02-01,china,goldilocks,easy,-1.0250246109122612,expensive,low,2.0,bullish,0.0,neutral,0.5,neutral,-1.0,cautious,medium,"Macro and valuation inputs are available, but valuation coverage is still partial."
2010-03-01,china,goldilocks,easy,-0.9743419871516988,expensive,low,2.0,bullish,0.0,neutral,0.5,neutral,-1.0,cautious,medium,"Macro and valuation inputs are available, but valuation coverage is still partial."
2010-04-01,china,goldilocks,easy,-0.4794965641236793,fair,low,3.0,bullish,-0.5,neutral,-0.5,neutral,-2.0,cautious,medium,"Macro and valuation inputs are available, but valuation coverage is still partial."
2010-05-01,china,goldilocks,easy,-0.2629795031658268,fair,low,3.0,bullish,-0.5,neutral,-0.5,neutral,-2.0,cautious,medium,"Macro and valuation inputs are available, but valuation coverage is still partial."
2010-06-01,china,goldilocks,easy,-0.1268333554916861,fair,low,3.0,bullish,-0.5,neutral,-0.5,neutral,-2.0,cautious,medium,"Macro and valuation inputs are available, but valuation coverage is still partial."
2010-07-01,china,stagflation,neutral,-0.3101368641064864,fair,low,-2.0,cautious,-2.0,cautious,2.0,bullish,1.0,neutral,medium,"Macro and valuation inputs are available, but valuation coverage is still partial."
2010-08-01,china,stagflation,neutral,-0.1832324816000601,fair,low,-2.0,cautious,-2.0,cautious,2.0,bullish,1.0,neutral,medium,"Macro and valuation inputs are available, but valuation coverage is still partial."
2010-09-01,china,stagflation,neutral,-0.1832324816000601,fair,low,-2.0,cautious,-2.0,cautious,2.0,bullish,1.0,neutral,medium,"Macro and valuation inputs are available, but valuation coverage is still partial."
2010-10-01,china,reflation,neutral,-0.3814181758944192,fair,low,1.0,neutral,-1.0,cautious,0.0,neutral,0.0,neutral,medium,"Macro and valuation inputs are available, but valuation coverage is still partial."
2010-11-01,china,reflation,easy,-0.1869149871019661,fair,low,2.0,bullish,-1.5,cautious,0.5,neutral,-1.0,cautious,medium,"Macro and valuation inputs are available, but valuation coverage is still partial."
2010-12-01,china,reflation,easy,-0.1893446301579139,fair,low,2.0,bullish,-1.5,cautious,0.5,neutral,-1.0,cautious,medium,"Macro and valuation inputs are available, but valuation coverage is still partial."
2011-01-01,china,reflation,easy,-0.2112773414772779,fair,low,2.0,bullish,-1.5,cautious,0.5,neutral,-1.0,cautious,medium,"Macro and valuation inputs are available, but valuation coverage is still partial."
2011-02-01,china,reflation,neutral,-0.2695583007596225,fair,low,1.0,neutral,-1.0,cautious,0.0,neutral,0.0,neutral,medium,"Macro and valuation inputs are available, but valuation coverage is still partial."
2011-03-01,china,reflation,neutral,-0.2249066647108787,fair,low,1.0,neutral,-1.0,cautious,0.0,neutral,0.0,neutral,medium,"Macro and valuation inputs are available, but valuation coverage is still partial."
2011-04-01,china,reflation,neutral,-0.1164908915499493,fair,low,1.0,neutral,-1.0,cautious,0.0,neutral,0.0,neutral,medium,"Macro and valuation inputs are available, but valuation coverage is still partial."
2011-05-01,china,reflation,tight,0.0027339945886588,fair,low,0.0,neutral,-0.5,neutral,-0.5,neutral,2.0,bullish,medium,"Macro and valuation inputs are available, but valuation coverage is still partial."
2011-06-01,china,stagflation,tight,-0.0411314280500691,fair,low,-3.0,cautious,-1.5,cautious,1.5,neutral,3.0,bullish,medium,"Macro and valuation inputs are available, but valuation coverage is still partial."
2011-07-01,china,stagflation,neutral,-0.0043926128871142,fair,low,-2.0,cautious,-2.0,cautious,2.0,bullish,1.0,neutral,medium,"Macro and valuation inputs are available, but valuation coverage is still partial."
2011-08-01,china,stagflation,tight,0.1655148970120561,fair,low,-3.0,cautious,-1.5,cautious,1.5,neutral,3.0,bullish,medium,"Macro and valuation inputs are available, but valuation coverage is still partial."
2011-09-01,china,stagflation,tight,0.2882650459705669,fair,low,-3.0,cautious,-1.5,cautious,1.5,neutral,3.0,bullish,medium,"Macro and valuation inputs are available, but valuation coverage is still partial."
2011-10-01,china,stagflation,tight,0.2723633223630212,fair,low,-3.0,cautious,-1.5,cautious,1.5,neutral,3.0,bullish,medium,"Macro and valuation inputs are available, but valuation coverage is still partial."
2011-11-01,china,stagflation,tight,0.361037623732496,fair,low,-3.0,cautious,-1.5,cautious,1.5,neutral,3.0,bullish,medium,"Macro and valuation inputs are available, but valuation coverage is still partial."
2011-12-01,china,stagflation,tight,0.4212764980247792,fair,low,-3.0,cautious,-1.5,cautious,1.5,neutral,3.0,bullish,medium,"Macro and valuation inputs are available, but valuation coverage is still partial."
2012-01-01,china,stagflation,tight,0.3340123017832653,fair,low,-3.0,cautious,-1.5,cautious,1.5,neutral,3.0,bullish,medium,"Macro and valuation inputs are available, but valuation coverage is still partial."
2012-02-01,china,stagflation,tight,0.2584195137654141,fair,low,-3.0,cautious,-1.5,cautious,1.5,neutral,3.0,bullish,medium,"Macro and valuation inputs are available, but valuation coverage is still partial."
2012-03-01,china,stagflation,tight,0.3881390275176947,fair,low,-3.0,cautious,-1.5,cautious,1.5,neutral,3.0,bullish,medium,"Macro and valuation inputs are available, but valuation coverage is still partial."
2012-04-01,china,stagflation,tight,0.3289957729893664,fair,low,-3.0,cautious,-1.5,cautious,1.5,neutral,3.0,bullish,medium,"Macro and valuation inputs are available, but valuation coverage is still partial."
2012-05-01,china,stagflation,tight,0.3851615745797695,fair,low,-3.0,cautious,-1.5,cautious,1.5,neutral,3.0,bullish,medium,"Macro and valuation inputs are available, but valuation coverage is still partial."
2012-06-01,china,slowdown,tight,0.4541755650038252,fair,low,-2.0,cautious,2.5,bullish,-1.0,cautious,3.0,bullish,medium,"Macro and valuation inputs are available, but valuation coverage is still partial."
2012-07-01,china,slowdown,tight,0.4985127156885625,fair,low,-2.0,cautious,2.5,bullish,-1.0,cautious,3.0,bullish,medium,"Macro and valuation inputs are available, but valuation coverage is still partial."
2012-08-01,china,slowdown,tight,0.5916506569598915,cheap,low,-1.0,cautious,1.5,neutral,-1.5,cautious,2.0,bullish,medium,"Macro and valuation inputs are available, but valuation coverage is still partial."
2012-09-01,china,slowdown,tight,0.5577320520528587,cheap,low,-1.0,cautious,1.5,neutral,-1.5,cautious,2.0,bullish,medium,"Macro and valuation inputs are available, but valuation coverage is still partial."
2012-10-01,china,slowdown,tight,0.6066900853214534,cheap,low,-1.0,cautious,1.5,neutral,-1.5,cautious,2.0,bullish,medium,"Macro and valuation inputs are available, but valuation coverage is still partial."
2012-11-01,china,slowdown,tight,0.651027236006191,cheap,low,-1.0,cautious,1.5,neutral,-1.5,cautious,2.0,bullish,medium,"Macro and valuation inputs are available, but valuation coverage is still partial."
2012-12-01,china,slowdown,tight,0.4576196669776923,fair,low,-2.0,cautious,2.5,bullish,-1.0,cautious,3.0,bullish,medium,"Macro and valuation inputs are available, but valuation coverage is still partial."
2013-01-01,china,slowdown,tight,0.376386458447997,fair,low,-2.0,cautious,2.5,bullish,-1.0,cautious,3.0,bullish,medium,"Macro and valuation inputs are available, but valuation coverage is still partial."
2013-02-01,china,slowdown,neutral,0.4041168329612082,fair,low,-1.0,cautious,2.0,bullish,-0.5,neutral,1.0,neutral,medium,"Macro and valuation inputs are available, but valuation coverage is still partial."
2013-03-01,china,slowdown,tight,0.5281198443656769,cheap,low,-1.0,cautious,1.5,neutral,-1.5,cautious,2.0,bullish,medium,"Macro and valuation inputs are available, but valuation coverage is still partial."
2013-04-01,china,slowdown,neutral,0.581465435700158,cheap,low,0.0,neutral,1.0,neutral,-1.0,cautious,0.0,neutral,medium,"Macro and valuation inputs are available, but valuation coverage is still partial."
2013-05-01,china,slowdown,neutral,0.5459794829831609,cheap,low,0.0,neutral,1.0,neutral,-1.0,cautious,0.0,neutral,medium,"Macro and valuation inputs are available, but valuation coverage is still partial."
2013-06-01,china,slowdown,neutral,0.7190216885022597,cheap,low,0.0,neutral,1.0,neutral,-1.0,cautious,0.0,neutral,medium,"Macro and valuation inputs are available, but valuation coverage is still partial."
2013-07-01,china,slowdown,tight,0.6990468921928341,cheap,low,-1.0,cautious,1.5,neutral,-1.5,cautious,2.0,bullish,medium,"Macro and valuation inputs are available, but valuation coverage is still partial."
2013-08-01,china,slowdown,tight,0.7038250174586945,cheap,low,-1.0,cautious,1.5,neutral,-1.5,cautious,2.0,bullish,medium,"Macro and valuation inputs are available, but valuation coverage is still partial."
2013-09-01,china,slowdown,tight,0.6663811497317592,cheap,low,-1.0,cautious,1.5,neutral,-1.5,cautious,2.0,bullish,medium,"Macro and valuation inputs are available, but valuation coverage is still partial."
2013-10-01,china,slowdown,tight,0.7218418987581817,cheap,low,-1.0,cautious,1.5,neutral,-1.5,cautious,2.0,bullish,medium,"Macro and valuation inputs are available, but valuation coverage is still partial."
2013-11-01,china,slowdown,tight,0.6898812088610873,cheap,low,-1.0,cautious,1.5,neutral,-1.5,cautious,2.0,bullish,medium,"Macro and valuation inputs are available, but valuation coverage is still partial."
2013-12-01,china,slowdown,tight,0.7232520038861429,cheap,low,-1.0,cautious,1.5,neutral,-1.5,cautious,2.0,bullish,medium,"Macro and valuation inputs are available, but valuation coverage is still partial."
2014-01-01,china,slowdown,tight,0.7863110884343479,cheap,low,-1.0,cautious,1.5,neutral,-1.5,cautious,2.0,bullish,medium,"Macro and valuation inputs are available, but valuation coverage is still partial."
2014-02-01,china,slowdown,tight,0.7870161409983285,cheap,low,-1.0,cautious,1.5,neutral,-1.5,cautious,2.0,bullish,medium,"Macro and valuation inputs are available, but valuation coverage is still partial."
2014-03-01,china,slowdown,tight,0.8117690625736145,cheap,low,-1.0,cautious,1.5,neutral,-1.5,cautious,2.0,bullish,medium,"Macro and valuation inputs are available, but valuation coverage is still partial."
2014-04-01,china,slowdown,tight,0.8462354773626246,cheap,low,-1.0,cautious,1.5,neutral,-1.5,cautious,2.0,bullish,medium,"Macro and valuation inputs are available, but valuation coverage is still partial."
2014-05-01,china,slowdown,tight,0.8372270367128811,cheap,low,-1.0,cautious,1.5,neutral,-1.5,cautious,2.0,bullish,medium,"Macro and valuation inputs are available, but valuation coverage is still partial."
2014-06-01,china,slowdown,tight,0.8041707270518319,cheap,low,-1.0,cautious,1.5,neutral,-1.5,cautious,2.0,bullish,medium,"Macro and valuation inputs are available, but valuation coverage is still partial."
2014-07-01,china,slowdown,tight,0.7066452277146166,cheap,low,-1.0,cautious,1.5,neutral,-1.5,cautious,2.0,bullish,medium,"Macro and valuation inputs are available, but valuation coverage is still partial."
2014-08-01,china,slowdown,tight,0.7639066490689745,cheap,low,-1.0,cautious,1.5,neutral,-1.5,cautious,2.0,bullish,medium,"Macro and valuation inputs are available, but valuation coverage is still partial."
2014-09-01,china,slowdown,tight,0.719569498384237,cheap,low,-1.0,cautious,1.5,neutral,-1.5,cautious,2.0,bullish,medium,"Macro and valuation inputs are available, but valuation coverage is still partial."
2014-10-01,china,slowdown,tight,0.730378611361916,cheap,low,-1.0,cautious,1.5,neutral,-1.5,cautious,2.0,bullish,medium,"Macro and valuation inputs are available, but valuation coverage is still partial."
2014-11-01,china,slowdown,tight,0.5806031404541743,cheap,low,-1.0,cautious,1.5,neutral,-1.5,cautious,2.0,bullish,medium,"Macro and valuation inputs are available, but valuation coverage is still partial."
2014-12-01,china,slowdown,tight,0.1747515831697033,fair,low,-2.0,cautious,2.5,bullish,-1.0,cautious,3.0,bullish,medium,"Macro and valuation inputs are available, but valuation coverage is still partial."
2015-01-01,china,slowdown,tight,0.2136055560245996,fair,low,-2.0,cautious,2.5,bullish,-1.0,cautious,3.0,bullish,medium,"Macro and valuation inputs are available, but valuation coverage is still partial."
2015-02-01,china,slowdown,tight,0.1745943404877,fair,low,-2.0,cautious,2.5,bullish,-1.0,cautious,3.0,bullish,medium,"Macro and valuation inputs are available, but valuation coverage is still partial."
2015-03-01,china,slowdown,tight,-0.0181893368228531,fair,low,-2.0,cautious,2.5,bullish,-1.0,cautious,3.0,bullish,medium,"Macro and valuation inputs are available, but valuation coverage is still partial."
2015-04-01,china,slowdown,tight,-0.2680011109697932,fair,low,-2.0,cautious,2.5,bullish,-1.0,cautious,3.0,bullish,medium,"Macro and valuation inputs are available, but valuation coverage is still partial."
2015-05-01,china,slowdown,tight,-0.2367454736366792,fair,low,-2.0,cautious,2.5,bullish,-1.0,cautious,3.0,bullish,medium,"Macro and valuation inputs are available, but valuation coverage is still partial."
2015-06-01,china,slowdown,tight,-0.196638638335825,fair,low,-2.0,cautious,2.5,bullish,-1.0,cautious,3.0,bullish,medium,"Macro and valuation inputs are available, but valuation coverage is still partial."
2015-07-01,china,slowdown,tight,0.0794934051963653,fair,low,-2.0,cautious,2.5,bullish,-1.0,cautious,3.0,bullish,medium,"Macro and valuation inputs are available, but valuation coverage is still partial."
2015-08-01,china,slowdown,tight,0.3730133593000301,fair,low,-2.0,cautious,2.5,bullish,-1.0,cautious,3.0,bullish,medium,"Macro and valuation inputs are available, but valuation coverage is still partial."
2015-09-01,china,slowdown,tight,0.4395977066681378,fair,low,-2.0,cautious,2.5,bullish,-1.0,cautious,3.0,bullish,medium,"Macro and valuation inputs are available, but valuation coverage is still partial."
2015-10-01,china,slowdown,tight,0.2962437906721888,fair,low,-2.0,cautious,2.5,bullish,-1.0,cautious,3.0,bullish,medium,"Macro and valuation inputs are available, but valuation coverage is still partial."
2015-11-01,china,slowdown,tight,0.3031370736299908,fair,low,-2.0,cautious,2.5,bullish,-1.0,cautious,3.0,bullish,medium,"Macro and valuation inputs are available, but valuation coverage is still partial."
2015-12-01,china,slowdown,tight,0.2226089176642759,fair,low,-2.0,cautious,2.5,bullish,-1.0,cautious,3.0,bullish,medium,"Macro and valuation inputs are available, but valuation coverage is still partial."
2016-01-01,china,slowdown,tight,0.5689266532204444,cheap,low,-1.0,cautious,1.5,neutral,-1.5,cautious,2.0,bullish,medium,"Macro and valuation inputs are available, but valuation coverage is still partial."
2016-02-01,china,slowdown,tight,0.602845258127477,cheap,low,-1.0,cautious,1.5,neutral,-1.5,cautious,2.0,bullish,medium,"Macro and valuation inputs are available, but valuation coverage is still partial."
2016-03-01,china,slowdown,tight,0.4623115523874502,fair,low,-2.0,cautious,2.5,bullish,-1.0,cautious,3.0,bullish,medium,"Macro and valuation inputs are available, but valuation coverage is still partial."
2016-04-01,china,slowdown,tight,0.5042190600162397,cheap,low,-1.0,cautious,1.5,neutral,-1.5,cautious,2.0,bullish,medium,"Macro and valuation inputs are available, but valuation coverage is still partial."
2016-05-01,china,slowdown,tight,0.5013988497603177,cheap,low,-1.0,cautious,1.5,neutral,-1.5,cautious,2.0,bullish,medium,"Macro and valuation inputs are available, but valuation coverage is still partial."
2016-06-01,china,slowdown,tight,0.4911375466646163,fair,low,-2.0,cautious,2.5,bullish,-1.0,cautious,3.0,bullish,medium,"Macro and valuation inputs are available, but valuation coverage is still partial."
2016-07-01,china,slowdown,tight,0.4439801857239567,fair,low,-2.0,cautious,2.5,bullish,-1.0,cautious,3.0,bullish,medium,"Macro and valuation inputs are available, but valuation coverage is still partial."
2016-08-01,china,slowdown,tight,0.383112340703661,fair,low,-2.0,cautious,2.5,bullish,-1.0,cautious,3.0,bullish,medium,"Macro and valuation inputs are available, but valuation coverage is still partial."
2016-09-01,china,slowdown,tight,0.424081471250499,fair,low,-2.0,cautious,2.5,bullish,-1.0,cautious,3.0,bullish,medium,"Macro and valuation inputs are available, but valuation coverage is still partial."
2016-10-01,china,slowdown,tight,0.4363006893561388,fair,low,-2.0,cautious,2.5,bullish,-1.0,cautious,3.0,bullish,medium,"Macro and valuation inputs are available, but valuation coverage is still partial."
2016-11-01,china,slowdown,tight,0.3508371654425603,fair,low,-2.0,cautious,2.5,bullish,-1.0,cautious,3.0,bullish,medium,"Macro and valuation inputs are available, but valuation coverage is still partial."
2016-12-01,china,slowdown,tight,0.4057501045870054,fair,low,-2.0,cautious,2.5,bullish,-1.0,cautious,3.0,bullish,medium,"Macro and valuation inputs are available, but valuation coverage is still partial."
2017-01-01,china,slowdown,tight,0.3535001330164792,fair,low,-2.0,cautious,2.5,bullish,-1.0,cautious,3.0,bullish,medium,"Macro and valuation inputs are available, but valuation coverage is still partial."
2017-02-01,china,slowdown,tight,0.3257697585032678,fair,low,-2.0,cautious,2.5,bullish,-1.0,cautious,3.0,bullish,medium,"Macro and valuation inputs are available, but valuation coverage is still partial."
2017-03-01,china,slowdown,tight,0.3437866398027551,fair,low,-2.0,cautious,2.5,bullish,-1.0,cautious,3.0,bullish,medium,"Macro and valuation inputs are available, but valuation coverage is still partial."
2017-04-01,china,slowdown,tight,0.3694018566240248,fair,low,-2.0,cautious,2.5,bullish,-1.0,cautious,3.0,bullish,medium,"Macro and valuation inputs are available, but valuation coverage is still partial."
2017-05-01,china,slowdown,tight,0.3485647650686155,fair,low,-2.0,cautious,2.5,bullish,-1.0,cautious,3.0,bullish,medium,"Macro and valuation inputs are available, but valuation coverage is still partial."
2017-06-01,china,slowdown,tight,0.2722669244867836,fair,low,-2.0,cautious,2.5,bullish,-1.0,cautious,3.0,bullish,medium,"Macro and valuation inputs are available, but valuation coverage is still partial."
2017-07-01,china,slowdown,tight,0.2113229976305202,fair,low,-2.0,cautious,2.5,bullish,-1.0,cautious,3.0,bullish,medium,"Macro and valuation inputs are available, but valuation coverage is still partial."
2017-08-01,china,slowdown,tight,0.2042724719907149,fair,low,-2.0,cautious,2.5,bullish,-1.0,cautious,3.0,bullish,medium,"Macro and valuation inputs are available, but valuation coverage is still partial."
2017-09-01,china,slowdown,tight,0.2077977348106176,fair,low,-2.0,cautious,2.5,bullish,-1.0,cautious,3.0,bullish,medium,"Macro and valuation inputs are available, but valuation coverage is still partial."
2017-10-01,china,slowdown,tight,0.2070926822466371,fair,low,-2.0,cautious,2.5,bullish,-1.0,cautious,3.0,bullish,medium,"Macro and valuation inputs are available, but valuation coverage is still partial."
2017-11-01,china,slowdown,tight,0.2139859652044391,fair,low,-2.0,cautious,2.5,bullish,-1.0,cautious,3.0,bullish,medium,"Macro and valuation inputs are available, but valuation coverage is still partial."
2017-12-01,china,slowdown,tight,0.1875084531371856,fair,low,-2.0,cautious,2.5,bullish,-1.0,cautious,3.0,bullish,medium,"Macro and valuation inputs are available, but valuation coverage is still partial."
2018-01-01,china,slowdown,tight,0.0450168323872203,fair,low,-2.0,cautious,2.5,bullish,-1.0,cautious,3.0,bullish,medium,"Macro and valuation inputs are available, but valuation coverage is still partial."
2018-02-01,china,slowdown,tight,0.1777949599234616,fair,low,-2.0,cautious,2.5,bullish,-1.0,cautious,3.0,bullish,medium,"Macro and valuation inputs are available, but valuation coverage is still partial."
2018-03-01,china,slowdown,tight,0.2688989043488843,fair,low,-2.0,cautious,2.5,bullish,-1.0,cautious,3.0,bullish,medium,"Macro and valuation inputs are available, but valuation coverage is still partial."
2018-04-01,china,slowdown,tight,0.3467640927406803,fair,low,-2.0,cautious,2.5,bullish,-1.0,cautious,3.0,bullish,medium,"Macro and valuation inputs are available, but valuation coverage is still partial."
2018-05-01,china,slowdown,tight,0.3697163419880311,fair,low,-2.0,cautious,2.5,bullish,-1.0,cautious,3.0,bullish,medium,"Macro and valuation inputs are available, but valuation coverage is still partial."
2018-06-01,china,slowdown,tight,0.4505589833177524,fair,low,-2.0,cautious,2.5,bullish,-1.0,cautious,3.0,bullish,medium,"Macro and valuation inputs are available, but valuation coverage is still partial."
2018-07-01,china,slowdown,tight,0.4182077262206838,fair,low,-2.0,cautious,2.5,bullish,-1.0,cautious,3.0,bullish,medium,"Macro and valuation inputs are available, but valuation coverage is still partial."
2018-08-01,china,slowdown,tight,0.5252133942536523,cheap,low,-1.0,cautious,1.5,neutral,-1.5,cautious,2.0,bullish,medium,"Macro and valuation inputs are available, but valuation coverage is still partial."
2018-09-01,china,slowdown,tight,0.4619970670234439,fair,low,-2.0,cautious,2.5,bullish,-1.0,cautious,3.0,bullish,medium,"Macro and valuation inputs are available, but valuation coverage is still partial."
2018-10-01,china,slowdown,tight,0.6075422225473024,cheap,low,-1.0,cautious,1.5,neutral,-1.5,cautious,2.0,bullish,medium,"Macro and valuation inputs are available, but valuation coverage is still partial."
2018-11-01,china,slowdown,tight,0.6283793141027116,cheap,low,-1.0,cautious,1.5,neutral,-1.5,cautious,2.0,bullish,medium,"Macro and valuation inputs are available, but valuation coverage is still partial."
2018-12-01,china,slowdown,tight,0.6626124043737507,cheap,low,-1.0,cautious,1.5,neutral,-1.5,cautious,2.0,bullish,medium,"Macro and valuation inputs are available, but valuation coverage is still partial."
2019-01-01,china,slowdown,tight,0.5833371108539935,cheap,low,-1.0,cautious,1.5,neutral,-1.5,cautious,2.0,bullish,medium,"Macro and valuation inputs are available, but valuation coverage is still partial."
2019-02-01,china,slowdown,tight,0.418598293420658,fair,low,-2.0,cautious,2.5,bullish,-1.0,cautious,3.0,bullish,medium,"Macro and valuation inputs are available, but valuation coverage is still partial."
2019-03-01,china,slowdown,tight,0.3684634795420732,fair,low,-2.0,cautious,2.5,bullish,-1.0,cautious,3.0,bullish,medium,"Macro and valuation inputs are available, but valuation coverage is still partial."
2019-04-01,china,slowdown,tight,0.4085703148429276,fair,low,-2.0,cautious,2.5,bullish,-1.0,cautious,3.0,bullish,medium,"Macro and valuation inputs are available, but valuation coverage is still partial."
2019-05-01,china,slowdown,tight,0.5072725947901328,cheap,low,-1.0,cautious,1.5,neutral,-1.5,cautious,2.0,bullish,medium,"Macro and valuation inputs are available, but valuation coverage is still partial."
2019-06-01,china,slowdown,tight,0.4025393271311092,fair,low,-2.0,cautious,2.5,bullish,-1.0,cautious,3.0,bullish,medium,"Macro and valuation inputs are available, but valuation coverage is still partial."
2019-07-01,china,slowdown,tight,0.4081797476429533,fair,low,-2.0,cautious,2.5,bullish,-1.0,cautious,3.0,bullish,medium,"Macro and valuation inputs are available, but valuation coverage is still partial."
2019-08-01,china,slowdown,tight,0.4535364362556777,fair,low,-2.0,cautious,2.5,bullish,-1.0,cautious,3.0,bullish,medium,"Macro and valuation inputs are available, but valuation coverage is still partial."
2019-09-01,china,stagflation,tight,0.4521263311277166,fair,low,-3.0,cautious,-1.5,cautious,1.5,neutral,3.0,bullish,medium,"Macro and valuation inputs are available, but valuation coverage is still partial."
2019-10-01,china,stagflation,tight,0.4699859697452007,fair,low,-3.0,cautious,-1.5,cautious,1.5,neutral,3.0,bullish,medium,"Macro and valuation inputs are available, but valuation coverage is still partial."
2019-11-01,china,stagflation,tight,0.4943483241205124,fair,low,-3.0,cautious,-1.5,cautious,1.5,neutral,3.0,bullish,medium,"Macro and valuation inputs are available, but valuation coverage is still partial."
2019-12-01,china,stagflation,tight,0.3873426560875441,fair,low,-3.0,cautious,-1.5,cautious,1.5,neutral,3.0,bullish,medium,"Macro and valuation inputs are available, but valuation coverage is still partial."
2020-01-01,china,stagflation,tight,0.4352050695921841,fair,low,-3.0,cautious,-1.5,cautious,1.5,neutral,3.0,bullish,medium,"Macro and valuation inputs are available, but valuation coverage is still partial."
2020-02-01,china,stagflation,tight,0.4818146206508663,fair,low,-3.0,cautious,-1.5,cautious,1.5,neutral,3.0,bullish,medium,"Macro and valuation inputs are available, but valuation coverage is still partial."
2020-03-01,china,stagflation,tight,0.575581532650208,cheap,low,-2.0,cautious,-2.5,cautious,1.0,neutral,2.0,bullish,medium,"Macro and valuation inputs are available, but valuation coverage is still partial."
2020-04-01,china,stagflation,tight,0.4963823209664187,fair,low,-3.0,cautious,-1.5,cautious,1.5,neutral,3.0,bullish,medium,"Macro and valuation inputs are available, but valuation coverage is still partial."
2020-05-01,china,stagflation,tight,0.5179244650858086,cheap,low,-2.0,cautious,-2.5,cautious,1.0,neutral,2.0,bullish,medium,"Macro and valuation inputs are available, but valuation coverage is still partial."
2020-06-01,china,stagflation,tight,0.4151491124367232,fair,low,-3.0,cautious,-1.5,cautious,1.5,neutral,3.0,bullish,medium,"Macro and valuation inputs are available, but valuation coverage is still partial."
2020-07-01,china,stagflation,tight,0.2381910768977477,fair,low,-3.0,cautious,-1.5,cautious,1.5,neutral,3.0,bullish,medium,"Macro and valuation inputs are available, but valuation coverage is still partial."
2020-08-01,china,stagflation,tight,0.1449719747803835,fair,low,-3.0,cautious,-1.5,cautious,1.5,neutral,3.0,bullish,medium,"Macro and valuation inputs are available, but valuation coverage is still partial."
2020-09-01,china,slowdown,tight,0.2240900256181374,fair,low,-2.0,cautious,2.5,bullish,-1.0,cautious,3.0,bullish,medium,"Macro and valuation inputs are available, but valuation coverage is still partial."
2020-10-01,china,slowdown,tight,0.2396772638616766,fair,low,-2.0,cautious,2.5,bullish,-1.0,cautious,3.0,bullish,medium,"Macro and valuation inputs are available, but valuation coverage is still partial."
2020-11-01,china,slowdown,tight,0.1505312344461923,fair,low,-2.0,cautious,2.5,bullish,-1.0,cautious,3.0,bullish,medium,"Macro and valuation inputs are available, but valuation coverage is still partial."
2020-12-01,china,slowdown,tight,0.0262137376777173,fair,low,-2.0,cautious,2.5,bullish,-1.0,cautious,3.0,bullish,medium,"Macro and valuation inputs are available, but valuation coverage is still partial."
2021-01-01,china,slowdown,tight,-0.0085671624752991,fair,low,-2.0,cautious,2.5,bullish,-1.0,cautious,3.0,bullish,medium,"Macro and valuation inputs are available, but valuation coverage is still partial."
2021-02-01,china,slowdown,tight,0.0018513833024055,fair,low,-2.0,cautious,2.5,bullish,-1.0,cautious,3.0,bullish,medium,"Macro and valuation inputs are available, but valuation coverage is still partial."
2021-03-01,china,goldilocks,tight,0.1384692590225557,fair,low,1.0,neutral,0.5,neutral,-1.5,cautious,1.0,neutral,medium,"Macro and valuation inputs are available, but valuation coverage is still partial."
2021-04-01,china,goldilocks,tight,0.243988740091595,fair,low,1.0,neutral,0.5,neutral,-1.5,cautious,1.0,neutral,medium,"Macro and valuation inputs are available, but valuation coverage is still partial."
2021-05-01,china,goldilocks,tight,0.1703538670836822,fair,low,1.0,neutral,0.5,neutral,-1.5,cautious,1.0,neutral,medium,"Macro and valuation inputs are available, but valuation coverage is still partial."
2021-06-01,china,slowdown,tight,0.1350251570486883,fair,low,-2.0,cautious,2.5,bullish,-1.0,cautious,3.0,bullish,medium,"Macro and valuation inputs are available, but valuation coverage is still partial."
2021-07-01,china,slowdown,tight,0.2674127173849555,fair,low,-2.0,cautious,2.5,bullish,-1.0,cautious,3.0,bullish,medium,"Macro and valuation inputs are available, but valuation coverage is still partial."
2021-08-01,china,slowdown,tight,0.3318058252251536,fair,low,-2.0,cautious,2.5,bullish,-1.0,cautious,3.0,bullish,medium,"Macro and valuation inputs are available, but valuation coverage is still partial."
2021-09-01,china,slowdown,tight,0.3033703981479619,fair,low,-2.0,cautious,2.5,bullish,-1.0,cautious,3.0,bullish,medium,"Macro and valuation inputs are available, but valuation coverage is still partial."
2021-10-01,china,slowdown,tight,0.3086963332957996,fair,low,-2.0,cautious,2.5,bullish,-1.0,cautious,3.0,bullish,medium,"Macro and valuation inputs are available, but valuation coverage is still partial."
2021-11-01,china,slowdown,tight,0.3669772925781444,fair,low,-2.0,cautious,2.5,bullish,-1.0,cautious,3.0,bullish,medium,"Macro and valuation inputs are available, but valuation coverage is still partial."
2021-12-01,china,slowdown,tight,-0.2833341691339244,fair,low,-2.0,cautious,2.5,bullish,-1.0,cautious,3.0,bullish,medium,"Macro and valuation inputs are available, but valuation coverage is still partial."
2022-01-01,china,slowdown,tight,-0.2045813248841554,fair,low,-2.0,cautious,2.5,bullish,-1.0,cautious,3.0,bullish,medium,"Macro and valuation inputs are available, but valuation coverage is still partial."
2022-02-01,china,slowdown,tight,-0.2106917804386533,fair,low,-2.0,cautious,2.5,bullish,-1.0,cautious,3.0,bullish,medium,"Macro and valuation inputs are available, but valuation coverage is still partial."
2022-03-01,china,slowdown,tight,-0.1293283828422997,fair,low,-2.0,cautious,2.5,bullish,-1.0,cautious,3.0,bullish,medium,"Macro and valuation inputs are available, but valuation coverage is still partial."
2022-04-01,china,slowdown,tight,-0.0830586777596132,fair,low,-2.0,cautious,2.5,bullish,-1.0,cautious,3.0,bullish,medium,"Macro and valuation inputs are available, but valuation coverage is still partial."
2022-05-01,china,slowdown,tight,-0.0882290632288036,fair,low,-2.0,cautious,2.5,bullish,-1.0,cautious,3.0,bullish,medium,"Macro and valuation inputs are available, but valuation coverage is still partial."
2022-06-01,china,slowdown,tight,0.1504635531230093,fair,low,-2.0,cautious,2.5,bullish,-1.0,cautious,3.0,bullish,medium,"Macro and valuation inputs are available, but valuation coverage is still partial."
2022-07-01,china,slowdown,tight,0.2168399365851354,fair,low,-2.0,cautious,2.5,bullish,-1.0,cautious,3.0,bullish,medium,"Macro and valuation inputs are available, but valuation coverage is still partial."
2022-08-01,china,slowdown,tight,0.2556939094400319,fair,low,-2.0,cautious,2.5,bullish,-1.0,cautious,3.0,bullish,medium,"Macro and valuation inputs are available, but valuation coverage is still partial."
2022-09-01,china,slowdown,tight,0.303843754693333,fair,low,-2.0,cautious,2.5,bullish,-1.0,cautious,3.0,bullish,medium,"Macro and valuation inputs are available, but valuation coverage is still partial."
2022-10-01,china,slowdown,tight,0.3856771873323403,fair,low,-2.0,cautious,2.5,bullish,-1.0,cautious,3.0,bullish,medium,"Macro and valuation inputs are available, but valuation coverage is still partial."
2022-11-01,china,slowdown,tight,0.3023288211107032,fair,low,-2.0,cautious,2.5,bullish,-1.0,cautious,3.0,bullish,medium,"Macro and valuation inputs are available, but valuation coverage is still partial."
2022-12-01,china,slowdown,tight,0.658792095340404,cheap,low,-1.0,cautious,1.5,neutral,-1.5,cautious,2.0,bullish,medium,"Macro and valuation inputs are available, but valuation coverage is still partial."
2023-01-01,china,slowdown,tight,0.6050018295752585,cheap,low,-1.0,cautious,1.5,neutral,-1.5,cautious,2.0,bullish,medium,"Macro and valuation inputs are available, but valuation coverage is still partial."
2023-02-01,china,slowdown,neutral,0.6156029786469556,cheap,low,0.0,neutral,1.0,neutral,-1.0,cautious,0.0,neutral,medium,"Macro and valuation inputs are available, but valuation coverage is still partial."
2023-03-01,china,slowdown,neutral,0.6109026282204187,cheap,low,0.0,neutral,1.0,neutral,-1.0,cautious,0.0,neutral,medium,"Macro and valuation inputs are available, but valuation coverage is still partial."
2023-04-01,china,slowdown,neutral,0.5951310936795312,cheap,low,0.0,neutral,1.0,neutral,-1.0,cautious,0.0,neutral,medium,"Macro and valuation inputs are available, but valuation coverage is still partial."
2023-05-01,china,slowdown,neutral,0.6491817375779928,cheap,low,0.0,neutral,1.0,neutral,-1.0,cautious,0.0,neutral,medium,"Macro and valuation inputs are available, but valuation coverage is still partial."
2023-06-01,china,slowdown,tight,0.5123972208252338,cheap,low,-1.0,cautious,1.5,neutral,-1.5,cautious,2.0,bullish,medium,"Macro and valuation inputs are available, but valuation coverage is still partial."
2023-07-01,china,slowdown,tight,0.4685825194104844,fair,low,-2.0,cautious,2.5,bullish,-1.0,cautious,3.0,bullish,medium,"Macro and valuation inputs are available, but valuation coverage is still partial."
2023-08-01,china,slowdown,tight,0.5210134012716474,cheap,low,-1.0,cautious,1.5,neutral,-1.5,cautious,2.0,bullish,medium,"Macro and valuation inputs are available, but valuation coverage is still partial."
2023-09-01,china,slowdown,tight,0.5298392386273986,cheap,low,-1.0,cautious,1.5,neutral,-1.5,cautious,2.0,bullish,medium,"Macro and valuation inputs are available, but valuation coverage is still partial."
2023-10-01,china,slowdown,tight,0.562947962515782,cheap,low,-1.0,cautious,1.5,neutral,-1.5,cautious,2.0,bullish,medium,"Macro and valuation inputs are available, but valuation coverage is still partial."
2023-11-01,china,slowdown,tight,0.5768393568860549,cheap,low,-1.0,cautious,1.5,neutral,-1.5,cautious,2.0,bullish,medium,"Macro and valuation inputs are available, but valuation coverage is still partial."
2023-12-01,china,slowdown,tight,0.8434571154746235,cheap,low,-1.0,cautious,1.5,neutral,-1.5,cautious,2.0,bullish,medium,"Macro and valuation inputs are available, but valuation coverage is still partial."
2024-01-01,china,slowdown,tight,0.8633541369447255,cheap,low,-1.0,cautious,1.5,neutral,-1.5,cautious,2.0,bullish,medium,"Macro and valuation inputs are available, but valuation coverage is still partial."
2024-02-01,china,slowdown,tight,0.7994327571505367,cheap,low,-1.0,cautious,1.5,neutral,-1.5,cautious,2.0,bullish,medium,"Macro and valuation inputs are available, but valuation coverage is still partial."
2024-03-01,china,slowdown,tight,0.7885171227148332,cheap,low,-1.0,cautious,1.5,neutral,-1.5,cautious,2.0,bullish,medium,"Macro and valuation inputs are available, but valuation coverage is still partial."
2024-04-01,china,slowdown,tight,0.7687756509233786,cheap,low,-1.0,cautious,1.5,neutral,-1.5,cautious,2.0,bullish,medium,"Macro and valuation inputs are available, but valuation coverage is still partial."
2024-05-01,china,slowdown,tight,0.7747812780232078,cheap,low,-1.0,cautious,1.5,neutral,-1.5,cautious,2.0,bullish,medium,"Macro and valuation inputs are available, but valuation coverage is still partial."
2024-06-01,china,slowdown,tight,0.7709758541898131,cheap,low,-1.0,cautious,1.5,neutral,-1.5,cautious,2.0,bullish,medium,"Macro and valuation inputs are available, but valuation coverage is still partial."
2024-07-01,china,slowdown,tight,0.7753109980283649,cheap,low,-1.0,cautious,1.5,neutral,-1.5,cautious,2.0,bullish,medium,"Macro and valuation inputs are available, but valuation coverage is still partial."
2024-08-01,china,slowdown,tight,0.8064888605221552,cheap,low,-1.0,cautious,1.5,neutral,-1.5,cautious,2.0,bullish,medium,"Macro and valuation inputs are available, but valuation coverage is still partial."
2024-09-01,china,slowdown,tight,0.6650150846968207,cheap,low,-1.0,cautious,1.5,neutral,-1.5,cautious,2.0,bullish,medium,"Macro and valuation inputs are available, but valuation coverage is still partial."
2024-10-01,china,slowdown,tight,0.7438727574012586,cheap,low,-1.0,cautious,1.5,neutral,-1.5,cautious,2.0,bullish,medium,"Macro and valuation inputs are available, but valuation coverage is still partial."
2024-11-01,china,slowdown,tight,0.7359869901308148,cheap,low,-1.0,cautious,1.5,neutral,-1.5,cautious,2.0,bullish,medium,"Macro and valuation inputs are available, but valuation coverage is still partial."
2024-12-01,china,slowdown,tight,0.2676996728045022,fair,low,-2.0,cautious,2.5,bullish,-1.0,cautious,3.0,bullish,medium,"Macro and valuation inputs are available, but valuation coverage is still partial."
2025-01-01,china,slowdown,tight,0.3015929170995458,fair,low,-2.0,cautious,2.5,bullish,-1.0,cautious,3.0,bullish,medium,"Macro and valuation inputs are available, but valuation coverage is still partial."
2025-02-01,china,slowdown,tight,0.2946472199144093,fair,low,-2.0,cautious,2.5,bullish,-1.0,cautious,3.0,bullish,medium,"Macro and valuation inputs are available, but valuation coverage is still partial."
2025-03-01,china,slowdown,tight,0.2525535322405562,fair,low,-2.0,cautious,2.5,bullish,-1.0,cautious,3.0,bullish,medium,"Macro and valuation inputs are available, but valuation coverage is still partial."
2025-04-01,china,slowdown,tight,0.3645935677595231,fair,high,-2.0,cautious,2.5,bullish,-1.0,cautious,3.0,bullish,high,Macro and valuation inputs are both available with strong coverage.
2025-05-01,china,slowdown,neutral,0.2485877277770469,fair,high,-1.0,cautious,2.0,bullish,-0.5,neutral,1.0,neutral,high,Macro and valuation inputs are both available with strong coverage.
2025-06-01,china,slowdown,tight,0.0115246674647178,fair,high,-2.0,cautious,2.5,bullish,-1.0,cautious,3.0,bullish,high,Macro and valuation inputs are both available with strong coverage.
2025-07-01,china,slowdown,tight,-0.0204357307349179,fair,high,-2.0,cautious,2.5,bullish,-1.0,cautious,3.0,bullish,high,Macro and valuation inputs are both available with strong coverage.
2025-08-01,china,slowdown,tight,-0.2911746782028483,fair,high,-2.0,cautious,2.5,bullish,-1.0,cautious,3.0,bullish,high,Macro and valuation inputs are both available with strong coverage.
2025-09-01,china,slowdown,neutral,-0.2800395203552422,fair,high,-1.0,cautious,2.0,bullish,-0.5,neutral,1.0,neutral,high,Macro and valuation inputs are both available with strong coverage.
2025-10-01,china,slowdown,neutral,-0.0272014261191933,fair,high,-1.0,cautious,2.0,bullish,-0.5,neutral,1.0,neutral,high,Macro and valuation inputs are both available with strong coverage.
2025-11-01,china,slowdown,neutral,0.1573378645446345,fair,high,-1.0,cautious,2.0,bullish,-0.5,neutral,1.0,neutral,high,Macro and valuation inputs are both available with strong coverage.
2025-12-01,china,slowdown,neutral,-0.1667995248491424,fair,high,-1.0,cautious,2.0,bullish,-0.5,neutral,1.0,neutral,high,Macro and valuation inputs are both available with strong coverage.
2026-01-01,china,slowdown,neutral,-0.4424882284518759,fair,high,-1.0,cautious,2.0,bullish,-0.5,neutral,1.0,neutral,high,Macro and valuation inputs are both available with strong coverage.
2026-02-01,china,slowdown,neutral,0.005937009234823,fair,high,-1.0,cautious,2.0,bullish,-0.5,neutral,1.0,neutral,high,Macro and valuation inputs are both available with strong coverage.
2026-03-01,china,slowdown,neutral,0.0560573587925228,fair,high,-1.0,cautious,2.0,bullish,-0.5,neutral,1.0,neutral,high,Macro and valuation inputs are both available with strong coverage.
