as_of_mode,summary_date,date,countries_available,countries_missing,coverage_ratio,coverage_warning,configured_weights,effective_weights,global_growth_score,global_inflation_score,global_liquidity_score,global_valuation_score,global_regime,investment_clock,global_investment_clock,us_regime,us_latest_date,china_regime,china_latest_date,eurozone_regime,eurozone_latest_date,run_timestamp,selected_mode,schema_version
latest_available,2026-02-01,2026-02-01,"us,china,eurozone",,1.0,,"us:0.50,china:0.25,eurozone:0.25","us:0.50,china:0.25,eurozone:0.25",0.2287761160575498,-0.5687595544800124,0.6515417513812856,-0.1005645433353827,goldilocks,disinflationary_growth,disinflationary_growth,goldilocks,2026-02-01,goldilocks,2024-03-01,goldilocks,2024-03-01,2026-03-19 10:46:35.430795,latest_available,as_of_mode|china_latest_date|china_regime|configured_weights|countries_available|countries_missing|coverage_ratio|coverage_warning|date|effective_weights|eurozone_latest_date|eurozone_regime|global_growth_score|global_inflation_score|global_investment_clock|global_liquidity_score|global_regime|global_valuation_score|investment_clock|run_timestamp|selected_mode|summary_date|us_latest_date|us_regime
last_common_date,2024-03-01,2024-03-01,"us,china,eurozone",,1.0,,"us:0.50,china:0.25,eurozone:0.25","us:0.50,china:0.25,eurozone:0.25",0.2390601081172398,-0.3408257695601422,0.2884355388131951,-0.4373333395223518,goldilocks,disinflationary_growth,disinflationary_growth,reflation,2026-02-01,goldilocks,2024-03-01,goldilocks,2024-03-01,2026-03-19 10:46:35.430795,last_common_date,as_of_mode|china_latest_date|china_regime|configured_weights|countries_available|countries_missing|coverage_ratio|coverage_warning|date|effective_weights|eurozone_latest_date|eurozone_regime|global_growth_score|global_inflation_score|global_investment_clock|global_liquidity_score|global_regime|global_valuation_score|investment_clock|run_timestamp|selected_mode|summary_date|us_latest_date|us_regime
latest_available,2026-02-01,2026-02-01,"us,china,eurozone",,1.0,,"us:0.50,china:0.25,eurozone:0.25","us:0.50,china:0.25,eurozone:0.25",0.2287761160575498,-0.5687595544800124,0.6515417513812856,-0.1005645433353827,goldilocks,disinflationary_growth,disinflationary_growth,goldilocks,2026-02-01 00:00:00,goldilocks,2024-03-01 00:00:00,goldilocks,2024-03-01 00:00:00,2026-03-19 11:01:45.432448,latest_available,as_of_mode|china_latest_date|china_regime|configured_weights|countries_available|countries_missing|coverage_ratio|coverage_warning|date|effective_weights|eurozone_latest_date|eurozone_regime|global_growth_score|global_inflation_score|global_investment_clock|global_liquidity_score|global_regime|global_valuation_score|investment_clock|run_timestamp|selected_mode|summary_date|us_latest_date|us_regime
last_common_date,2024-03-01,2024-03-01,"us,china,eurozone",,1.0,,"us:0.50,china:0.25,eurozone:0.25","us:0.50,china:0.25,eurozone:0.25",0.2390601081172398,-0.3408257695601422,0.2884355388131951,-0.4373333395223518,goldilocks,disinflationary_growth,disinflationary_growth,reflation,2026-02-01 00:00:00,goldilocks,2024-03-01 00:00:00,goldilocks,2024-03-01 00:00:00,2026-03-19 11:01:45.432448,last_common_date,as_of_mode|china_latest_date|china_regime|configured_weights|countries_available|countries_missing|coverage_ratio|coverage_warning|date|effective_weights|eurozone_latest_date|eurozone_regime|global_growth_score|global_inflation_score|global_investment_clock|global_liquidity_score|global_regime|global_valuation_score|investment_clock|run_timestamp|selected_mode|summary_date|us_latest_date|us_regime
latest_available,2026-02-01,2026-02-01,"us,china,eurozone",,1.0,,"us:0.50,china:0.25,eurozone:0.25","us:0.50,china:0.25,eurozone:0.25",0.2287761160575498,-0.5687595544800124,0.6515417513812856,-0.1005645433353827,goldilocks,disinflationary_growth,disinflationary_growth,goldilocks,2026-02-01 00:00:00,goldilocks,2024-03-01 00:00:00,goldilocks,2024-03-01 00:00:00,2026-03-19 11:26:49.308573,latest_available,as_of_mode|china_latest_date|china_regime|configured_weights|countries_available|countries_missing|coverage_ratio|coverage_warning|date|effective_weights|eurozone_latest_date|eurozone_regime|global_growth_score|global_inflation_score|global_investment_clock|global_liquidity_score|global_regime|global_valuation_score|investment_clock|run_timestamp|selected_mode|summary_date|us_latest_date|us_regime
last_common_date,2024-03-01,2024-03-01,"us,china,eurozone",,1.0,,"us:0.50,china:0.25,eurozone:0.25","us:0.50,china:0.25,eurozone:0.25",0.2390601081172398,-0.3408257695601422,0.2884355388131951,-0.4373333395223518,goldilocks,disinflationary_growth,disinflationary_growth,reflation,2026-02-01 00:00:00,goldilocks,2024-03-01 00:00:00,goldilocks,2024-03-01 00:00:00,2026-03-19 11:26:49.308573,last_common_date,as_of_mode|china_latest_date|china_regime|configured_weights|countries_available|countries_missing|coverage_ratio|coverage_warning|date|effective_weights|eurozone_latest_date|eurozone_regime|global_growth_score|global_inflation_score|global_investment_clock|global_liquidity_score|global_regime|global_valuation_score|investment_clock|run_timestamp|selected_mode|summary_date|us_latest_date|us_regime
latest_available,2026-02-01,2026-02-01,"us,china,eurozone",,1.0,,"us:0.50,china:0.25,eurozone:0.25","us:0.50,china:0.25,eurozone:0.25",0.1489374996572836,-0.3919828591833755,0.6535527831935339,-0.1005645433353827,goldilocks,disinflationary_growth,disinflationary_growth,goldilocks,2026-02-01 00:00:00,stagflation,2026-02-01 00:00:00,goldilocks,2024-03-01 00:00:00,2026-03-19 15:28:56.417858,latest_available,as_of_mode|china_latest_date|china_regime|configured_weights|countries_available|countries_missing|coverage_ratio|coverage_warning|date|effective_weights|eurozone_latest_date|eurozone_regime|global_growth_score|global_inflation_score|global_investment_clock|global_liquidity_score|global_regime|global_valuation_score|investment_clock|run_timestamp|selected_mode|summary_date|us_latest_date|us_regime
last_common_date,,,,"us,china,eurozone",0.0,Global summary is based on incomplete country coverage.,"us:0.50,china:0.25,eurozone:0.25","us:0.00,china:0.00,eurozone:0.00",,,,,partial_view,partial_view,partial_view,,2026-02-01 00:00:00,,2026-02-01 00:00:00,,2024-03-01 00:00:00,2026-03-19 15:28:56.417858,last_common_date,as_of_mode|china_latest_date|china_regime|configured_weights|countries_available|countries_missing|coverage_ratio|coverage_warning|date|effective_weights|eurozone_latest_date|eurozone_regime|global_growth_score|global_inflation_score|global_investment_clock|global_liquidity_score|global_regime|global_valuation_score|investment_clock|run_timestamp|selected_mode|summary_date|us_latest_date|us_regime
latest_available,2026-02-01,2026-02-01,"us,china,eurozone",,1.0,,"us:0.50,china:0.25,eurozone:0.25","us:0.50,china:0.25,eurozone:0.25",0.1489374996572836,-0.3919828591833755,0.6535527831935339,-0.1005645433353827,goldilocks,disinflationary_growth,disinflationary_growth,goldilocks,2026-02-01 00:00:00,stagflation,2026-02-01 00:00:00,goldilocks,2024-03-01 00:00:00,2026-03-19 15:28:56.417860,latest_available,as_of_mode|china_latest_date|china_regime|configured_weights|countries_available|countries_missing|coverage_ratio|coverage_warning|date|effective_weights|eurozone_latest_date|eurozone_regime|global_growth_score|global_inflation_score|global_investment_clock|global_liquidity_score|global_regime|global_valuation_score|investment_clock|run_timestamp|selected_mode|summary_date|us_latest_date|us_regime
last_common_date,,,,"us,china,eurozone",0.0,Global summary is based on incomplete country coverage.,"us:0.50,china:0.25,eurozone:0.25","us:0.00,china:0.00,eurozone:0.00",,,,,partial_view,partial_view,partial_view,,2026-02-01 00:00:00,,2026-02-01 00:00:00,,2024-03-01 00:00:00,2026-03-19 15:28:56.417860,last_common_date,as_of_mode|china_latest_date|china_regime|configured_weights|countries_available|countries_missing|coverage_ratio|coverage_warning|date|effective_weights|eurozone_latest_date|eurozone_regime|global_growth_score|global_inflation_score|global_investment_clock|global_liquidity_score|global_regime|global_valuation_score|investment_clock|run_timestamp|selected_mode|summary_date|us_latest_date|us_regime
latest_available,2026-02-01,2026-02-01,"us,china,eurozone",,1.0,,"us:0.50,china:0.25,eurozone:0.25","us:0.50,china:0.25,eurozone:0.25",0.1489374996572836,-0.3919828591833755,0.6535527831935339,-0.1005645433353827,goldilocks,disinflationary_growth,disinflationary_growth,goldilocks,2026-02-01 00:00:00,stagflation,2026-02-01 00:00:00,goldilocks,2024-03-01 00:00:00,2026-03-19 15:37:18.529687,latest_available,as_of_mode|china_latest_date|china_regime|configured_weights|countries_available|countries_missing|coverage_ratio|coverage_warning|date|effective_weights|eurozone_latest_date|eurozone_regime|global_growth_score|global_inflation_score|global_investment_clock|global_liquidity_score|global_regime|global_valuation_score|investment_clock|run_timestamp|selected_mode|summary_date|us_latest_date|us_regime
last_common_date,,,,"us,china,eurozone",0.0,Global summary is based on incomplete country coverage.,"us:0.50,china:0.25,eurozone:0.25","us:0.00,china:0.00,eurozone:0.00",,,,,partial_view,partial_view,partial_view,,2026-02-01 00:00:00,,2026-02-01 00:00:00,,2024-03-01 00:00:00,2026-03-19 15:37:18.529687,last_common_date,as_of_mode|china_latest_date|china_regime|configured_weights|countries_available|countries_missing|coverage_ratio|coverage_warning|date|effective_weights|eurozone_latest_date|eurozone_regime|global_growth_score|global_inflation_score|global_investment_clock|global_liquidity_score|global_regime|global_valuation_score|investment_clock|run_timestamp|selected_mode|summary_date|us_latest_date|us_regime
latest_available,2026-02-01,2026-02-01,"us,china,eurozone",,1.0,,"us:0.50,china:0.25,eurozone:0.25","us:0.50,china:0.25,eurozone:0.25",0.1489374996572836,-0.3919828591833755,0.6535527831935339,-0.1005645433353827,goldilocks,disinflationary_growth,disinflationary_growth,goldilocks,2026-02-01 00:00:00,stagflation,2026-02-01 00:00:00,goldilocks,2024-03-01 00:00:00,2026-03-19 15:37:18.529731,latest_available,as_of_mode|china_latest_date|china_regime|configured_weights|countries_available|countries_missing|coverage_ratio|coverage_warning|date|effective_weights|eurozone_latest_date|eurozone_regime|global_growth_score|global_inflation_score|global_investment_clock|global_liquidity_score|global_regime|global_valuation_score|investment_clock|run_timestamp|selected_mode|summary_date|us_latest_date|us_regime
last_common_date,,,,"us,china,eurozone",0.0,Global summary is based on incomplete country coverage.,"us:0.50,china:0.25,eurozone:0.25","us:0.00,china:0.00,eurozone:0.00",,,,,partial_view,partial_view,partial_view,,2026-02-01 00:00:00,,2026-02-01 00:00:00,,2024-03-01 00:00:00,2026-03-19 15:37:18.529731,last_common_date,as_of_mode|china_latest_date|china_regime|configured_weights|countries_available|countries_missing|coverage_ratio|coverage_warning|date|effective_weights|eurozone_latest_date|eurozone_regime|global_growth_score|global_inflation_score|global_investment_clock|global_liquidity_score|global_regime|global_valuation_score|investment_clock|run_timestamp|selected_mode|summary_date|us_latest_date|us_regime
latest_available,2026-03-01,2026-03-01,"us,china,eurozone",,1.0,,"us:0.50,china:0.25,eurozone:0.25","us:0.50,china:0.25,eurozone:0.25",0.0836914739752812,-0.4907190821276378,0.3709196095321199,-0.1005645433353827,goldilocks,disinflationary_growth,disinflationary_growth,goldilocks,2026-02-01 00:00:00,slowdown,2026-03-01 00:00:00,goldilocks,2024-03-01 00:00:00,2026-03-19 15:41:02.514247,latest_available,as_of_mode|china_latest_date|china_regime|configured_weights|countries_available|countries_missing|coverage_ratio|coverage_warning|date|effective_weights|eurozone_latest_date|eurozone_regime|global_growth_score|global_inflation_score|global_investment_clock|global_liquidity_score|global_regime|global_valuation_score|investment_clock|run_timestamp|selected_mode|summary_date|us_latest_date|us_regime
last_common_date,,,,"us,china,eurozone",0.0,Global summary is based on incomplete country coverage.,"us:0.50,china:0.25,eurozone:0.25","us:0.00,china:0.00,eurozone:0.00",,,,,partial_view,partial_view,partial_view,,2026-02-01 00:00:00,,2026-03-01 00:00:00,,2024-03-01 00:00:00,2026-03-19 15:41:02.514247,last_common_date,as_of_mode|china_latest_date|china_regime|configured_weights|countries_available|countries_missing|coverage_ratio|coverage_warning|date|effective_weights|eurozone_latest_date|eurozone_regime|global_growth_score|global_inflation_score|global_investment_clock|global_liquidity_score|global_regime|global_valuation_score|investment_clock|run_timestamp|selected_mode|summary_date|us_latest_date|us_regime
latest_available,2026-03-01,2026-03-01,"us,china,eurozone",,1.0,,"us:0.50,china:0.25,eurozone:0.25","us:0.50,china:0.25,eurozone:0.25",0.0836914739752812,-0.4907190821276378,0.3709196095321199,-0.1005645433353827,goldilocks,disinflationary_growth,disinflationary_growth,goldilocks,2026-02-01 00:00:00,slowdown,2026-03-01 00:00:00,goldilocks,2024-03-01 00:00:00,2026-03-19 15:41:02.514198,latest_available,as_of_mode|china_latest_date|china_regime|configured_weights|countries_available|countries_missing|coverage_ratio|coverage_warning|date|effective_weights|eurozone_latest_date|eurozone_regime|global_growth_score|global_inflation_score|global_investment_clock|global_liquidity_score|global_regime|global_valuation_score|investment_clock|run_timestamp|selected_mode|summary_date|us_latest_date|us_regime
last_common_date,,,,"us,china,eurozone",0.0,Global summary is based on incomplete country coverage.,"us:0.50,china:0.25,eurozone:0.25","us:0.00,china:0.00,eurozone:0.00",,,,,partial_view,partial_view,partial_view,,2026-02-01 00:00:00,,2026-03-01 00:00:00,,2024-03-01 00:00:00,2026-03-19 15:41:02.514198,last_common_date,as_of_mode|china_latest_date|china_regime|configured_weights|countries_available|countries_missing|coverage_ratio|coverage_warning|date|effective_weights|eurozone_latest_date|eurozone_regime|global_growth_score|global_inflation_score|global_investment_clock|global_liquidity_score|global_regime|global_valuation_score|investment_clock|run_timestamp|selected_mode|summary_date|us_latest_date|us_regime
latest_available,2026-03-01,2026-03-01,"us,china,eurozone",,1.0,,"us:0.50,china:0.25,eurozone:0.25","us:0.50,china:0.25,eurozone:0.25",0.0836914739752812,-0.4907190821276378,0.3709196095321199,-0.1005645433353827,goldilocks,disinflationary_growth,disinflationary_growth,goldilocks,2026-02-01 00:00:00,slowdown,2026-03-01 00:00:00,goldilocks,2024-03-01 00:00:00,2026-03-19 15:57:26.728087,latest_available,as_of_mode|china_latest_date|china_regime|configured_weights|countries_available|countries_missing|coverage_ratio|coverage_warning|date|effective_weights|eurozone_latest_date|eurozone_regime|global_growth_score|global_inflation_score|global_investment_clock|global_liquidity_score|global_regime|global_valuation_score|investment_clock|run_timestamp|selected_mode|summary_date|us_latest_date|us_regime
last_common_date,,,,"us,china,eurozone",0.0,Global summary is based on incomplete country coverage.,"us:0.50,china:0.25,eurozone:0.25","us:0.00,china:0.00,eurozone:0.00",,,,,partial_view,partial_view,partial_view,,2026-02-01 00:00:00,,2026-03-01 00:00:00,,2024-03-01 00:00:00,2026-03-19 15:57:26.728087,last_common_date,as_of_mode|china_latest_date|china_regime|configured_weights|countries_available|countries_missing|coverage_ratio|coverage_warning|date|effective_weights|eurozone_latest_date|eurozone_regime|global_growth_score|global_inflation_score|global_investment_clock|global_liquidity_score|global_regime|global_valuation_score|investment_clock|run_timestamp|selected_mode|summary_date|us_latest_date|us_regime
latest_available,2026-03-01,2026-03-01,"us,china,eurozone",,1.0,,"us:0.50,china:0.25,eurozone:0.25","us:0.50,china:0.25,eurozone:0.25",0.0836914739752812,-0.4907190821276378,0.3709196095321199,-0.1005645433353827,goldilocks,disinflationary_growth,disinflationary_growth,goldilocks,2026-02-01 00:00:00,slowdown,2026-03-01 00:00:00,goldilocks,2024-03-01 00:00:00,2026-03-19 16:49:14.703312,latest_available,as_of_mode|china_latest_date|china_regime|configured_weights|countries_available|countries_missing|coverage_ratio|coverage_warning|date|effective_weights|eurozone_latest_date|eurozone_regime|global_growth_score|global_inflation_score|global_investment_clock|global_liquidity_score|global_regime|global_valuation_score|investment_clock|run_timestamp|selected_mode|summary_date|us_latest_date|us_regime
last_common_date,,,,"us,china,eurozone",0.0,Global summary is based on incomplete country coverage.,"us:0.50,china:0.25,eurozone:0.25","us:0.00,china:0.00,eurozone:0.00",,,,,partial_view,partial_view,partial_view,,2026-02-01 00:00:00,,2026-03-01 00:00:00,,2024-03-01 00:00:00,2026-03-19 16:49:14.703312,last_common_date,as_of_mode|china_latest_date|china_regime|configured_weights|countries_available|countries_missing|coverage_ratio|coverage_warning|date|effective_weights|eurozone_latest_date|eurozone_regime|global_growth_score|global_inflation_score|global_investment_clock|global_liquidity_score|global_regime|global_valuation_score|investment_clock|run_timestamp|selected_mode|summary_date|us_latest_date|us_regime
latest_available,2026-03-01,2026-03-01,"us,china,eurozone",,1.0,,"us:0.50,china:0.25,eurozone:0.25","us:0.50,china:0.25,eurozone:0.25",0.0836914739752812,-0.4907190821276378,0.3709196095321199,-0.1005645433353827,goldilocks,disinflationary_growth,disinflationary_growth,goldilocks,2026-02-01 00:00:00,slowdown,2026-03-01 00:00:00,goldilocks,2024-03-01 00:00:00,2026-03-19 16:49:14.703492,latest_available,as_of_mode|china_latest_date|china_regime|configured_weights|countries_available|countries_missing|coverage_ratio|coverage_warning|date|effective_weights|eurozone_latest_date|eurozone_regime|global_growth_score|global_inflation_score|global_investment_clock|global_liquidity_score|global_regime|global_valuation_score|investment_clock|run_timestamp|selected_mode|summary_date|us_latest_date|us_regime
last_common_date,,,,"us,china,eurozone",0.0,Global summary is based on incomplete country coverage.,"us:0.50,china:0.25,eurozone:0.25","us:0.00,china:0.00,eurozone:0.00",,,,,partial_view,partial_view,partial_view,,2026-02-01 00:00:00,,2026-03-01 00:00:00,,2024-03-01 00:00:00,2026-03-19 16:49:14.703492,last_common_date,as_of_mode|china_latest_date|china_regime|configured_weights|countries_available|countries_missing|coverage_ratio|coverage_warning|date|effective_weights|eurozone_latest_date|eurozone_regime|global_growth_score|global_inflation_score|global_investment_clock|global_liquidity_score|global_regime|global_valuation_score|investment_clock|run_timestamp|selected_mode|summary_date|us_latest_date|us_regime
latest_available,2026-03-01,2026-03-01,"us,china,eurozone",,1.0,,"us:0.50,china:0.25,eurozone:0.25","us:0.50,china:0.25,eurozone:0.25",0.0836914739752812,-0.4907190821276378,0.3709196095321199,0.1384167375612099,goldilocks,disinflationary_growth,disinflationary_growth,goldilocks,2026-02-01 00:00:00,slowdown,2026-03-01 00:00:00,goldilocks,2024-03-01 00:00:00,2026-03-19 17:06:54.534064,latest_available,as_of_mode|china_latest_date|china_regime|configured_weights|countries_available|countries_missing|coverage_ratio|coverage_warning|date|effective_weights|eurozone_latest_date|eurozone_regime|global_growth_score|global_inflation_score|global_investment_clock|global_liquidity_score|global_regime|global_valuation_score|investment_clock|run_timestamp|selected_mode|summary_date|us_latest_date|us_regime
last_common_date,,,,"us,china,eurozone",0.0,Global summary is based on incomplete country coverage.,"us:0.50,china:0.25,eurozone:0.25","us:0.00,china:0.00,eurozone:0.00",,,,,partial_view,partial_view,partial_view,,2026-02-01 00:00:00,,2026-03-01 00:00:00,,2024-03-01 00:00:00,2026-03-19 17:06:54.534064,last_common_date,as_of_mode|china_latest_date|china_regime|configured_weights|countries_available|countries_missing|coverage_ratio|coverage_warning|date|effective_weights|eurozone_latest_date|eurozone_regime|global_growth_score|global_inflation_score|global_investment_clock|global_liquidity_score|global_regime|global_valuation_score|investment_clock|run_timestamp|selected_mode|summary_date|us_latest_date|us_regime
latest_available,2026-03-01,2026-03-01,"us,china,eurozone",,1.0,,"us:0.50,china:0.25,eurozone:0.25","us:0.50,china:0.25,eurozone:0.25",0.0836914739752812,-0.4907190821276378,0.3709196095321199,0.1384167375612099,goldilocks,disinflationary_growth,disinflationary_growth,goldilocks,2026-02-01 00:00:00,slowdown,2026-03-01 00:00:00,goldilocks,2024-03-01 00:00:00,2026-03-19 17:06:54.534493,latest_available,as_of_mode|china_latest_date|china_regime|configured_weights|countries_available|countries_missing|coverage_ratio|coverage_warning|date|effective_weights|eurozone_latest_date|eurozone_regime|global_growth_score|global_inflation_score|global_investment_clock|global_liquidity_score|global_regime|global_valuation_score|investment_clock|run_timestamp|selected_mode|summary_date|us_latest_date|us_regime
last_common_date,,,,"us,china,eurozone",0.0,Global summary is based on incomplete country coverage.,"us:0.50,china:0.25,eurozone:0.25","us:0.00,china:0.00,eurozone:0.00",,,,,partial_view,partial_view,partial_view,,2026-02-01 00:00:00,,2026-03-01 00:00:00,,2024-03-01 00:00:00,2026-03-19 17:06:54.534493,last_common_date,as_of_mode|china_latest_date|china_regime|configured_weights|countries_available|countries_missing|coverage_ratio|coverage_warning|date|effective_weights|eurozone_latest_date|eurozone_regime|global_growth_score|global_inflation_score|global_investment_clock|global_liquidity_score|global_regime|global_valuation_score|investment_clock|run_timestamp|selected_mode|summary_date|us_latest_date|us_regime
latest_available,2026-03-01,2026-03-01,"us,china,eurozone",,1.0,,"us:0.50,china:0.25,eurozone:0.25","us:0.50,china:0.25,eurozone:0.25",0.0836914739752812,-0.4907190821276378,0.3709196095321199,0.1738686204606331,goldilocks,disinflationary_growth,disinflationary_growth,goldilocks,2026-02-01 00:00:00,slowdown,2026-03-01 00:00:00,goldilocks,2024-03-01 00:00:00,2026-03-19 17:41:35.415893,latest_available,as_of_mode|china_latest_date|china_regime|configured_weights|countries_available|countries_missing|coverage_ratio|coverage_warning|date|effective_weights|eurozone_latest_date|eurozone_regime|global_growth_score|global_inflation_score|global_investment_clock|global_liquidity_score|global_regime|global_valuation_score|investment_clock|run_timestamp|selected_mode|summary_date|us_latest_date|us_regime
last_common_date,,,,"us,china,eurozone",0.0,Global summary is based on incomplete country coverage.,"us:0.50,china:0.25,eurozone:0.25","us:0.00,china:0.00,eurozone:0.00",,,,,partial_view,partial_view,partial_view,,2026-02-01 00:00:00,,2026-03-01 00:00:00,,2024-03-01 00:00:00,2026-03-19 17:41:35.415893,last_common_date,as_of_mode|china_latest_date|china_regime|configured_weights|countries_available|countries_missing|coverage_ratio|coverage_warning|date|effective_weights|eurozone_latest_date|eurozone_regime|global_growth_score|global_inflation_score|global_investment_clock|global_liquidity_score|global_regime|global_valuation_score|investment_clock|run_timestamp|selected_mode|summary_date|us_latest_date|us_regime
latest_available,2026-03-01,2026-03-01,"us,china,eurozone",,1.0,,"us:0.50,china:0.25,eurozone:0.25","us:0.50,china:0.25,eurozone:0.25",0.0836914739752812,-0.4907190821276378,0.3709196095321199,0.1738686204606331,goldilocks,disinflationary_growth,disinflationary_growth,goldilocks,2026-02-01 00:00:00,slowdown,2026-03-01 00:00:00,goldilocks,2024-03-01 00:00:00,2026-03-19 17:41:35.415892,latest_available,as_of_mode|china_latest_date|china_regime|configured_weights|countries_available|countries_missing|coverage_ratio|coverage_warning|date|effective_weights|eurozone_latest_date|eurozone_regime|global_growth_score|global_inflation_score|global_investment_clock|global_liquidity_score|global_regime|global_valuation_score|investment_clock|run_timestamp|selected_mode|summary_date|us_latest_date|us_regime
last_common_date,,,,"us,china,eurozone",0.0,Global summary is based on incomplete country coverage.,"us:0.50,china:0.25,eurozone:0.25","us:0.00,china:0.00,eurozone:0.00",,,,,partial_view,partial_view,partial_view,,2026-02-01 00:00:00,,2026-03-01 00:00:00,,2024-03-01 00:00:00,2026-03-19 17:41:35.415892,last_common_date,as_of_mode|china_latest_date|china_regime|configured_weights|countries_available|countries_missing|coverage_ratio|coverage_warning|date|effective_weights|eurozone_latest_date|eurozone_regime|global_growth_score|global_inflation_score|global_investment_clock|global_liquidity_score|global_regime|global_valuation_score|investment_clock|run_timestamp|selected_mode|summary_date|us_latest_date|us_regime
latest_available,2026-03-01,2026-03-01,"us,china,eurozone",,1.0,,"us:0.50,china:0.25,eurozone:0.25","us:0.50,china:0.25,eurozone:0.25",0.0836914739752812,-0.4907190821276378,0.3709196095321199,0.1738686204606331,goldilocks,disinflationary_growth,disinflationary_growth,goldilocks,2026-02-01 00:00:00,slowdown,2026-03-01 00:00:00,goldilocks,2024-03-01 00:00:00,2026-03-19 17:51:21.516385,latest_available,as_of_mode|china_latest_date|china_regime|configured_weights|countries_available|countries_missing|coverage_ratio|coverage_warning|date|effective_weights|eurozone_latest_date|eurozone_regime|global_growth_score|global_inflation_score|global_investment_clock|global_liquidity_score|global_regime|global_valuation_score|investment_clock|run_timestamp|selected_mode|summary_date|us_latest_date|us_regime
last_common_date,,,,"us,china,eurozone",0.0,Global summary is based on incomplete country coverage.,"us:0.50,china:0.25,eurozone:0.25","us:0.00,china:0.00,eurozone:0.00",,,,,partial_view,partial_view,partial_view,,2026-02-01 00:00:00,,2026-03-01 00:00:00,,2024-03-01 00:00:00,2026-03-19 17:51:21.516385,last_common_date,as_of_mode|china_latest_date|china_regime|configured_weights|countries_available|countries_missing|coverage_ratio|coverage_warning|date|effective_weights|eurozone_latest_date|eurozone_regime|global_growth_score|global_inflation_score|global_investment_clock|global_liquidity_score|global_regime|global_valuation_score|investment_clock|run_timestamp|selected_mode|summary_date|us_latest_date|us_regime
latest_available,2026-03-01,2026-03-01,"us,china,eurozone",,1.0,,"us:0.50,china:0.25,eurozone:0.25","us:0.50,china:0.25,eurozone:0.25",0.0836914739752812,-0.4907190821276378,0.3709196095321199,0.1738686204606331,goldilocks,disinflationary_growth,disinflationary_growth,goldilocks,2026-02-01 00:00:00,slowdown,2026-03-01 00:00:00,goldilocks,2024-03-01 00:00:00,2026-03-19 17:51:21.470731,latest_available,as_of_mode|china_latest_date|china_regime|configured_weights|countries_available|countries_missing|coverage_ratio|coverage_warning|date|effective_weights|eurozone_latest_date|eurozone_regime|global_growth_score|global_inflation_score|global_investment_clock|global_liquidity_score|global_regime|global_valuation_score|investment_clock|run_timestamp|selected_mode|summary_date|us_latest_date|us_regime
last_common_date,,,,"us,china,eurozone",0.0,Global summary is based on incomplete country coverage.,"us:0.50,china:0.25,eurozone:0.25","us:0.00,china:0.00,eurozone:0.00",,,,,partial_view,partial_view,partial_view,,2026-02-01 00:00:00,,2026-03-01 00:00:00,,2024-03-01 00:00:00,2026-03-19 17:51:21.470731,last_common_date,as_of_mode|china_latest_date|china_regime|configured_weights|countries_available|countries_missing|coverage_ratio|coverage_warning|date|effective_weights|eurozone_latest_date|eurozone_regime|global_growth_score|global_inflation_score|global_investment_clock|global_liquidity_score|global_regime|global_valuation_score|investment_clock|run_timestamp|selected_mode|summary_date|us_latest_date|us_regime
latest_available,2026-03-01,2026-03-01,"us,china,eurozone",,1.0,,"us:0.50,china:0.25,eurozone:0.25","us:0.50,china:0.25,eurozone:0.25",0.1778841535769791,-0.3139423868310009,0.0254167980957776,0.0595695388786469,goldilocks,disinflationary_growth,disinflationary_growth,goldilocks,2026-02-01 00:00:00,slowdown,2026-03-01 00:00:00,reflation,2026-02-01 00:00:00,2026-03-20 04:24:18.285308,latest_available,as_of_mode|china_latest_date|china_regime|configured_weights|countries_available|countries_missing|coverage_ratio|coverage_warning|date|effective_weights|eurozone_latest_date|eurozone_regime|global_growth_score|global_inflation_score|global_investment_clock|global_liquidity_score|global_regime|global_valuation_score|investment_clock|run_timestamp|selected_mode|summary_date|us_latest_date|us_regime
last_common_date,2026-02-01,2026-02-01,"us,china,eurozone",,1.0,,"us:0.50,china:0.25,eurozone:0.25","us:0.50,china:0.25,eurozone:0.25",0.2437231003027858,-0.3139423868310009,0.2339074520528983,0.0820331959418362,goldilocks,disinflationary_growth,disinflationary_growth,goldilocks,2026-02-01 00:00:00,slowdown,2026-03-01 00:00:00,reflation,2026-02-01 00:00:00,2026-03-20 04:24:18.285308,last_common_date,as_of_mode|china_latest_date|china_regime|configured_weights|countries_available|countries_missing|coverage_ratio|coverage_warning|date|effective_weights|eurozone_latest_date|eurozone_regime|global_growth_score|global_inflation_score|global_investment_clock|global_liquidity_score|global_regime|global_valuation_score|investment_clock|run_timestamp|selected_mode|summary_date|us_latest_date|us_regime
latest_available,2026-03-01,2026-03-01,"us,china,eurozone",,1.0,,"us:0.50,china:0.25,eurozone:0.25","us:0.50,china:0.25,eurozone:0.25",0.1778841535769791,-0.3139423868310009,0.0254167980957776,0.0595695388786469,goldilocks,disinflationary_growth,disinflationary_growth,goldilocks,2026-02-01 00:00:00,slowdown,2026-03-01 00:00:00,reflation,2026-02-01 00:00:00,2026-03-20 04:24:25.655912,latest_available,as_of_mode|china_latest_date|china_regime|configured_weights|countries_available|countries_missing|coverage_ratio|coverage_warning|date|effective_weights|eurozone_latest_date|eurozone_regime|global_growth_score|global_inflation_score|global_investment_clock|global_liquidity_score|global_regime|global_valuation_score|investment_clock|run_timestamp|selected_mode|summary_date|us_latest_date|us_regime
last_common_date,2026-02-01,2026-02-01,"us,china,eurozone",,1.0,,"us:0.50,china:0.25,eurozone:0.25","us:0.50,china:0.25,eurozone:0.25",0.2437231003027858,-0.3139423868310009,0.2339074520528983,0.0820331959418362,goldilocks,disinflationary_growth,disinflationary_growth,goldilocks,2026-02-01 00:00:00,slowdown,2026-03-01 00:00:00,reflation,2026-02-01 00:00:00,2026-03-20 04:24:25.655912,last_common_date,as_of_mode|china_latest_date|china_regime|configured_weights|countries_available|countries_missing|coverage_ratio|coverage_warning|date|effective_weights|eurozone_latest_date|eurozone_regime|global_growth_score|global_inflation_score|global_investment_clock|global_liquidity_score|global_regime|global_valuation_score|investment_clock|run_timestamp|selected_mode|summary_date|us_latest_date|us_regime
latest_available,2026-03-01,2026-03-01,"us,china,eurozone",,1.0,,"us:0.50,china:0.25,eurozone:0.25","us:0.50,china:0.25,eurozone:0.25",0.1778841535769791,-0.3139423868310009,0.0254167980957776,0.0595695388786469,goldilocks,disinflationary_growth,disinflationary_growth,goldilocks,2026-02-01 00:00:00,slowdown,2026-03-01 00:00:00,reflation,2026-02-01 00:00:00,2026-03-20 04:35:05.871742,latest_available,as_of_mode|china_latest_date|china_regime|configured_weights|countries_available|countries_missing|coverage_ratio|coverage_warning|date|effective_weights|eurozone_latest_date|eurozone_regime|global_growth_score|global_inflation_score|global_investment_clock|global_liquidity_score|global_regime|global_valuation_score|investment_clock|run_timestamp|selected_mode|summary_date|us_latest_date|us_regime
last_common_date,2026-02-01,2026-02-01,"us,china,eurozone",,1.0,,"us:0.50,china:0.25,eurozone:0.25","us:0.50,china:0.25,eurozone:0.25",0.2437231003027858,-0.3139423868310009,0.2339074520528983,0.0820331959418362,goldilocks,disinflationary_growth,disinflationary_growth,goldilocks,2026-02-01 00:00:00,slowdown,2026-03-01 00:00:00,reflation,2026-02-01 00:00:00,2026-03-20 04:35:05.871742,last_common_date,as_of_mode|china_latest_date|china_regime|configured_weights|countries_available|countries_missing|coverage_ratio|coverage_warning|date|effective_weights|eurozone_latest_date|eurozone_regime|global_growth_score|global_inflation_score|global_investment_clock|global_liquidity_score|global_regime|global_valuation_score|investment_clock|run_timestamp|selected_mode|summary_date|us_latest_date|us_regime
latest_available,2026-03-01,2026-03-01,"us,china,eurozone",,1.0,,"us:0.50,china:0.25,eurozone:0.25","us:0.50,china:0.25,eurozone:0.25",0.1778841535769791,-0.3139423868310009,0.0254167980957776,0.0595695388786469,goldilocks,disinflationary_growth,disinflationary_growth,goldilocks,2026-02-01 00:00:00,slowdown,2026-03-01 00:00:00,reflation,2026-02-01 00:00:00,2026-03-20 04:35:05.871863,latest_available,as_of_mode|china_latest_date|china_regime|configured_weights|countries_available|countries_missing|coverage_ratio|coverage_warning|date|effective_weights|eurozone_latest_date|eurozone_regime|global_growth_score|global_inflation_score|global_investment_clock|global_liquidity_score|global_regime|global_valuation_score|investment_clock|run_timestamp|selected_mode|summary_date|us_latest_date|us_regime
last_common_date,2026-02-01,2026-02-01,"us,china,eurozone",,1.0,,"us:0.50,china:0.25,eurozone:0.25","us:0.50,china:0.25,eurozone:0.25",0.2437231003027858,-0.3139423868310009,0.2339074520528983,0.0820331959418362,goldilocks,disinflationary_growth,disinflationary_growth,goldilocks,2026-02-01 00:00:00,slowdown,2026-03-01 00:00:00,reflation,2026-02-01 00:00:00,2026-03-20 04:35:05.871863,last_common_date,as_of_mode|china_latest_date|china_regime|configured_weights|countries_available|countries_missing|coverage_ratio|coverage_warning|date|effective_weights|eurozone_latest_date|eurozone_regime|global_growth_score|global_inflation_score|global_investment_clock|global_liquidity_score|global_regime|global_valuation_score|investment_clock|run_timestamp|selected_mode|summary_date|us_latest_date|us_regime
latest_available,2026-03-01,2026-03-01,"us,china,eurozone",,1.0,,"us:0.50,china:0.25,eurozone:0.25","us:0.50,china:0.25,eurozone:0.25",0.2033662591222401,-0.337996034805416,-0.1358765404954987,0.0595444975614666,goldilocks,disinflationary_growth,disinflationary_growth,goldilocks,2026-02-01 00:00:00,slowdown,2026-03-01 00:00:00,goldilocks,2026-02-01 00:00:00,2026-03-20 05:14:11.686754,latest_available,as_of_mode|china_latest_date|china_regime|configured_weights|countries_available|countries_missing|coverage_ratio|coverage_warning|date|effective_weights|eurozone_latest_date|eurozone_regime|global_growth_score|global_inflation_score|global_investment_clock|global_liquidity_score|global_regime|global_valuation_score|investment_clock|run_timestamp|selected_mode|summary_date|us_latest_date|us_regime
last_common_date,2026-02-01,2026-02-01,"us,china,eurozone",,1.0,,"us:0.50,china:0.25,eurozone:0.25","us:0.50,china:0.25,eurozone:0.25",0.2469639128687572,-0.3382584206227886,0.0339092035081005,0.0820081546246559,goldilocks,disinflationary_growth,disinflationary_growth,goldilocks,2026-02-01 00:00:00,slowdown,2026-03-01 00:00:00,goldilocks,2026-02-01 00:00:00,2026-03-20 05:14:11.686754,last_common_date,as_of_mode|china_latest_date|china_regime|configured_weights|countries_available|countries_missing|coverage_ratio|coverage_warning|date|effective_weights|eurozone_latest_date|eurozone_regime|global_growth_score|global_inflation_score|global_investment_clock|global_liquidity_score|global_regime|global_valuation_score|investment_clock|run_timestamp|selected_mode|summary_date|us_latest_date|us_regime
latest_available,2026-03-01,2026-03-01,"us,china,eurozone",,1.0,,"us:0.50,china:0.25,eurozone:0.25","us:0.50,china:0.25,eurozone:0.25",0.2033662591222401,-0.337996034805416,-0.1358765404954987,0.0595444975614666,goldilocks,disinflationary_growth,disinflationary_growth,goldilocks,2026-02-01 00:00:00,slowdown,2026-03-01 00:00:00,goldilocks,2026-02-01 00:00:00,2026-03-20 05:14:11.729889,latest_available,as_of_mode|china_latest_date|china_regime|configured_weights|countries_available|countries_missing|coverage_ratio|coverage_warning|date|effective_weights|eurozone_latest_date|eurozone_regime|global_growth_score|global_inflation_score|global_investment_clock|global_liquidity_score|global_regime|global_valuation_score|investment_clock|run_timestamp|selected_mode|summary_date|us_latest_date|us_regime
last_common_date,2026-02-01,2026-02-01,"us,china,eurozone",,1.0,,"us:0.50,china:0.25,eurozone:0.25","us:0.50,china:0.25,eurozone:0.25",0.2469639128687572,-0.3382584206227886,0.0339092035081005,0.0820081546246559,goldilocks,disinflationary_growth,disinflationary_growth,goldilocks,2026-02-01 00:00:00,slowdown,2026-03-01 00:00:00,goldilocks,2026-02-01 00:00:00,2026-03-20 05:14:11.729889,last_common_date,as_of_mode|china_latest_date|china_regime|configured_weights|countries_available|countries_missing|coverage_ratio|coverage_warning|date|effective_weights|eurozone_latest_date|eurozone_regime|global_growth_score|global_inflation_score|global_investment_clock|global_liquidity_score|global_regime|global_valuation_score|investment_clock|run_timestamp|selected_mode|summary_date|us_latest_date|us_regime
latest_available,2026-03-01,2026-03-01,"us,china,eurozone",,1.0,,"us:0.50,china:0.25,eurozone:0.25","us:0.50,china:0.25,eurozone:0.25",0.2033662591222401,-0.337996034805416,-0.1358765404954987,0.0595444975614666,goldilocks,disinflationary_growth,disinflationary_growth,goldilocks,2026-02-01 00:00:00,slowdown,2026-03-01 00:00:00,goldilocks,2026-02-01 00:00:00,2026-03-20 05:58:03.389623,latest_available,as_of_mode|china_latest_date|china_regime|configured_weights|countries_available|countries_missing|coverage_ratio|coverage_warning|date|effective_weights|eurozone_latest_date|eurozone_regime|global_growth_score|global_inflation_score|global_investment_clock|global_liquidity_score|global_regime|global_valuation_score|investment_clock|run_timestamp|selected_mode|summary_date|us_latest_date|us_regime
last_common_date,2026-02-01,2026-02-01,"us,china,eurozone",,1.0,,"us:0.50,china:0.25,eurozone:0.25","us:0.50,china:0.25,eurozone:0.25",0.2469639128687572,-0.3382584206227886,0.0339092035081005,0.0820081546246559,goldilocks,disinflationary_growth,disinflationary_growth,goldilocks,2026-02-01 00:00:00,slowdown,2026-03-01 00:00:00,goldilocks,2026-02-01 00:00:00,2026-03-20 05:58:03.389623,last_common_date,as_of_mode|china_latest_date|china_regime|configured_weights|countries_available|countries_missing|coverage_ratio|coverage_warning|date|effective_weights|eurozone_latest_date|eurozone_regime|global_growth_score|global_inflation_score|global_investment_clock|global_liquidity_score|global_regime|global_valuation_score|investment_clock|run_timestamp|selected_mode|summary_date|us_latest_date|us_regime
latest_available,2026-03-01,2026-03-01,"us,china,eurozone",,1.0,,"us:0.50,china:0.25,eurozone:0.25","us:0.50,china:0.25,eurozone:0.25",0.2033662591222401,-0.337996034805416,-0.1358765404954987,0.0595444975614666,goldilocks,disinflationary_growth,disinflationary_growth,goldilocks,2026-02-01 00:00:00,slowdown,2026-03-01 00:00:00,goldilocks,2026-02-01 00:00:00,2026-03-20 05:58:03.418377,latest_available,as_of_mode|china_latest_date|china_regime|configured_weights|countries_available|countries_missing|coverage_ratio|coverage_warning|date|effective_weights|eurozone_latest_date|eurozone_regime|global_growth_score|global_inflation_score|global_investment_clock|global_liquidity_score|global_regime|global_valuation_score|investment_clock|run_timestamp|selected_mode|summary_date|us_latest_date|us_regime
last_common_date,2026-02-01,2026-02-01,"us,china,eurozone",,1.0,,"us:0.50,china:0.25,eurozone:0.25","us:0.50,china:0.25,eurozone:0.25",0.2469639128687572,-0.3382584206227886,0.0339092035081005,0.0820081546246559,goldilocks,disinflationary_growth,disinflationary_growth,goldilocks,2026-02-01 00:00:00,slowdown,2026-03-01 00:00:00,goldilocks,2026-02-01 00:00:00,2026-03-20 05:58:03.418377,last_common_date,as_of_mode|china_latest_date|china_regime|configured_weights|countries_available|countries_missing|coverage_ratio|coverage_warning|date|effective_weights|eurozone_latest_date|eurozone_regime|global_growth_score|global_inflation_score|global_investment_clock|global_liquidity_score|global_regime|global_valuation_score|investment_clock|run_timestamp|selected_mode|summary_date|us_latest_date|us_regime
latest_available,2026-03-01,2026-03-01,"us,china,eurozone",,1.0,,"us:0.50,china:0.25,eurozone:0.25","us:0.50,china:0.25,eurozone:0.25",0.2033662591222401,-0.337996034805416,-0.1358765404954987,0.0595444975614666,goldilocks,disinflationary_growth,disinflationary_growth,goldilocks,2026-02-01 00:00:00,slowdown,2026-03-01 00:00:00,goldilocks,2026-02-01 00:00:00,2026-03-20 06:07:09.251640,latest_available,as_of_mode|china_latest_date|china_regime|configured_weights|countries_available|countries_missing|coverage_ratio|coverage_warning|date|effective_weights|eurozone_latest_date|eurozone_regime|global_growth_score|global_inflation_score|global_investment_clock|global_liquidity_score|global_regime|global_valuation_score|investment_clock|run_timestamp|selected_mode|summary_date|us_latest_date|us_regime
last_common_date,2026-02-01,2026-02-01,"us,china,eurozone",,1.0,,"us:0.50,china:0.25,eurozone:0.25","us:0.50,china:0.25,eurozone:0.25",0.2469639128687572,-0.3382584206227886,0.0339092035081005,0.0820081546246559,goldilocks,disinflationary_growth,disinflationary_growth,goldilocks,2026-02-01 00:00:00,slowdown,2026-03-01 00:00:00,goldilocks,2026-02-01 00:00:00,2026-03-20 06:07:09.251640,last_common_date,as_of_mode|china_latest_date|china_regime|configured_weights|countries_available|countries_missing|coverage_ratio|coverage_warning|date|effective_weights|eurozone_latest_date|eurozone_regime|global_growth_score|global_inflation_score|global_investment_clock|global_liquidity_score|global_regime|global_valuation_score|investment_clock|run_timestamp|selected_mode|summary_date|us_latest_date|us_regime
latest_available,2026-03-01,2026-03-01,"us,china,eurozone",,1.0,,"us:0.50,china:0.25,eurozone:0.25","us:0.50,china:0.25,eurozone:0.25",0.2033662591222401,-0.337996034805416,-0.1358765404954987,0.0595444975614666,goldilocks,disinflationary_growth,disinflationary_growth,goldilocks,2026-02-01 00:00:00,slowdown,2026-03-01 00:00:00,goldilocks,2026-02-01 00:00:00,2026-03-20 06:08:57.463294,latest_available,as_of_mode|china_latest_date|china_regime|configured_weights|countries_available|countries_missing|coverage_ratio|coverage_warning|date|effective_weights|eurozone_latest_date|eurozone_regime|global_growth_score|global_inflation_score|global_investment_clock|global_liquidity_score|global_regime|global_valuation_score|investment_clock|run_timestamp|selected_mode|summary_date|us_latest_date|us_regime
last_common_date,2026-02-01,2026-02-01,"us,china,eurozone",,1.0,,"us:0.50,china:0.25,eurozone:0.25","us:0.50,china:0.25,eurozone:0.25",0.2469639128687572,-0.3382584206227886,0.0339092035081005,0.0820081546246559,goldilocks,disinflationary_growth,disinflationary_growth,goldilocks,2026-02-01 00:00:00,slowdown,2026-03-01 00:00:00,goldilocks,2026-02-01 00:00:00,2026-03-20 06:08:57.463294,last_common_date,as_of_mode|china_latest_date|china_regime|configured_weights|countries_available|countries_missing|coverage_ratio|coverage_warning|date|effective_weights|eurozone_latest_date|eurozone_regime|global_growth_score|global_inflation_score|global_investment_clock|global_liquidity_score|global_regime|global_valuation_score|investment_clock|run_timestamp|selected_mode|summary_date|us_latest_date|us_regime
latest_available,2026-03-01,2026-03-01,"us,china,eurozone",,1.0,,"us:0.50,china:0.25,eurozone:0.25","us:0.50,china:0.25,eurozone:0.25",0.2033662591222401,-0.337996034805416,-0.1358765404954987,0.0595444975614666,goldilocks,disinflationary_growth,disinflationary_growth,goldilocks,2026-02-01 00:00:00,slowdown,2026-03-01 00:00:00,goldilocks,2026-02-01 00:00:00,2026-03-20 06:31:08.358828,latest_available,as_of_mode|china_latest_date|china_regime|configured_weights|countries_available|countries_missing|coverage_ratio|coverage_warning|date|effective_weights|eurozone_latest_date|eurozone_regime|global_growth_score|global_inflation_score|global_investment_clock|global_liquidity_score|global_regime|global_valuation_score|investment_clock|run_timestamp|selected_mode|summary_date|us_latest_date|us_regime
last_common_date,2026-02-01,2026-02-01,"us,china,eurozone",,1.0,,"us:0.50,china:0.25,eurozone:0.25","us:0.50,china:0.25,eurozone:0.25",0.2469639128687572,-0.3382584206227886,0.0339092035081005,0.0820081546246559,goldilocks,disinflationary_growth,disinflationary_growth,goldilocks,2026-02-01 00:00:00,slowdown,2026-03-01 00:00:00,goldilocks,2026-02-01 00:00:00,2026-03-20 06:31:08.358828,last_common_date,as_of_mode|china_latest_date|china_regime|configured_weights|countries_available|countries_missing|coverage_ratio|coverage_warning|date|effective_weights|eurozone_latest_date|eurozone_regime|global_growth_score|global_inflation_score|global_investment_clock|global_liquidity_score|global_regime|global_valuation_score|investment_clock|run_timestamp|selected_mode|summary_date|us_latest_date|us_regime
latest_available,2026-03-01,2026-03-01,"us,china,eurozone",,1.0,,"us:0.50,china:0.25,eurozone:0.25","us:0.50,china:0.25,eurozone:0.25",0.2033662591222401,-0.337996034805416,-0.1358765404954987,0.0595444975614666,goldilocks,disinflationary_growth,disinflationary_growth,goldilocks,2026-02-01 00:00:00,slowdown,2026-03-01 00:00:00,goldilocks,2026-02-01 00:00:00,2026-03-20 06:31:08.359501,latest_available,as_of_mode|china_latest_date|china_regime|configured_weights|countries_available|countries_missing|coverage_ratio|coverage_warning|date|effective_weights|eurozone_latest_date|eurozone_regime|global_growth_score|global_inflation_score|global_investment_clock|global_liquidity_score|global_regime|global_valuation_score|investment_clock|run_timestamp|selected_mode|summary_date|us_latest_date|us_regime
last_common_date,2026-02-01,2026-02-01,"us,china,eurozone",,1.0,,"us:0.50,china:0.25,eurozone:0.25","us:0.50,china:0.25,eurozone:0.25",0.2469639128687572,-0.3382584206227886,0.0339092035081005,0.0820081546246559,goldilocks,disinflationary_growth,disinflationary_growth,goldilocks,2026-02-01 00:00:00,slowdown,2026-03-01 00:00:00,goldilocks,2026-02-01 00:00:00,2026-03-20 06:31:08.359501,last_common_date,as_of_mode|china_latest_date|china_regime|configured_weights|countries_available|countries_missing|coverage_ratio|coverage_warning|date|effective_weights|eurozone_latest_date|eurozone_regime|global_growth_score|global_inflation_score|global_investment_clock|global_liquidity_score|global_regime|global_valuation_score|investment_clock|run_timestamp|selected_mode|summary_date|us_latest_date|us_regime
latest_available,2026-03-01,2026-03-01,"us,china,eurozone",,1.0,,"us:0.50,china:0.25,eurozone:0.25","us:0.50,china:0.25,eurozone:0.25",0.2033662591222401,-0.337996034805416,-0.1358765404954987,0.0595444975614666,goldilocks,disinflationary_growth,disinflationary_growth,goldilocks,2026-02-01 00:00:00,slowdown,2026-03-01 00:00:00,goldilocks,2026-02-01 00:00:00,2026-03-20 06:33:07.499590,latest_available,as_of_mode|china_latest_date|china_regime|configured_weights|countries_available|countries_missing|coverage_ratio|coverage_warning|date|effective_weights|eurozone_latest_date|eurozone_regime|global_growth_score|global_inflation_score|global_investment_clock|global_liquidity_score|global_regime|global_valuation_score|investment_clock|run_timestamp|selected_mode|summary_date|us_latest_date|us_regime
last_common_date,2026-02-01,2026-02-01,"us,china,eurozone",,1.0,,"us:0.50,china:0.25,eurozone:0.25","us:0.50,china:0.25,eurozone:0.25",0.2469639128687572,-0.3382584206227886,0.0339092035081005,0.0820081546246559,goldilocks,disinflationary_growth,disinflationary_growth,goldilocks,2026-02-01 00:00:00,slowdown,2026-03-01 00:00:00,goldilocks,2026-02-01 00:00:00,2026-03-20 06:33:07.499590,last_common_date,as_of_mode|china_latest_date|china_regime|configured_weights|countries_available|countries_missing|coverage_ratio|coverage_warning|date|effective_weights|eurozone_latest_date|eurozone_regime|global_growth_score|global_inflation_score|global_investment_clock|global_liquidity_score|global_regime|global_valuation_score|investment_clock|run_timestamp|selected_mode|summary_date|us_latest_date|us_regime
latest_available,2026-03-01,2026-03-01,"us,china,eurozone",,1.0,,"us:0.50,china:0.25,eurozone:0.25","us:0.50,china:0.25,eurozone:0.25",0.2033662591222401,-0.337996034805416,-0.1358765404954987,0.0595444975614666,goldilocks,disinflationary_growth,disinflationary_growth,goldilocks,2026-02-01 00:00:00,slowdown,2026-03-01 00:00:00,goldilocks,2026-02-01 00:00:00,2026-03-20 06:33:07.500194,latest_available,as_of_mode|china_latest_date|china_regime|configured_weights|countries_available|countries_missing|coverage_ratio|coverage_warning|date|effective_weights|eurozone_latest_date|eurozone_regime|global_growth_score|global_inflation_score|global_investment_clock|global_liquidity_score|global_regime|global_valuation_score|investment_clock|run_timestamp|selected_mode|summary_date|us_latest_date|us_regime
last_common_date,2026-02-01,2026-02-01,"us,china,eurozone",,1.0,,"us:0.50,china:0.25,eurozone:0.25","us:0.50,china:0.25,eurozone:0.25",0.2469639128687572,-0.3382584206227886,0.0339092035081005,0.0820081546246559,goldilocks,disinflationary_growth,disinflationary_growth,goldilocks,2026-02-01 00:00:00,slowdown,2026-03-01 00:00:00,goldilocks,2026-02-01 00:00:00,2026-03-20 06:33:07.500194,last_common_date,as_of_mode|china_latest_date|china_regime|configured_weights|countries_available|countries_missing|coverage_ratio|coverage_warning|date|effective_weights|eurozone_latest_date|eurozone_regime|global_growth_score|global_inflation_score|global_investment_clock|global_liquidity_score|global_regime|global_valuation_score|investment_clock|run_timestamp|selected_mode|summary_date|us_latest_date|us_regime
latest_available,2026-03-01,2026-03-01,"us,china,eurozone",,1.0,,"us:0.50,china:0.25,eurozone:0.25","us:0.50,china:0.25,eurozone:0.25",0.1975329095956333,-0.3270412315485835,-0.1208001173627453,0.0596459044740109,goldilocks,disinflationary_growth,disinflationary_growth,goldilocks,2026-02-01 00:00:00,slowdown,2026-03-01 00:00:00,goldilocks,2026-03-01 00:00:00,2026-03-20 06:33:53.523981,latest_available,as_of_mode|china_latest_date|china_regime|configured_weights|countries_available|countries_missing|coverage_ratio|coverage_warning|date|effective_weights|eurozone_latest_date|eurozone_regime|global_growth_score|global_inflation_score|global_investment_clock|global_liquidity_score|global_regime|global_valuation_score|investment_clock|run_timestamp|selected_mode|summary_date|us_latest_date|us_regime
last_common_date,2026-02-01,2026-02-01,"us,china,eurozone",,1.0,,"us:0.50,china:0.25,eurozone:0.25","us:0.50,china:0.25,eurozone:0.25",0.2469639128687572,-0.3360166117131855,0.0339092035081005,0.0821095615372002,goldilocks,disinflationary_growth,disinflationary_growth,goldilocks,2026-02-01 00:00:00,slowdown,2026-03-01 00:00:00,goldilocks,2026-03-01 00:00:00,2026-03-20 06:33:53.523981,last_common_date,as_of_mode|china_latest_date|china_regime|configured_weights|countries_available|countries_missing|coverage_ratio|coverage_warning|date|effective_weights|eurozone_latest_date|eurozone_regime|global_growth_score|global_inflation_score|global_investment_clock|global_liquidity_score|global_regime|global_valuation_score|investment_clock|run_timestamp|selected_mode|summary_date|us_latest_date|us_regime
latest_available,2026-03-01,2026-03-01,"us,china,eurozone",,1.0,,"us:0.50,china:0.25,eurozone:0.25","us:0.50,china:0.25,eurozone:0.25",0.1975329095956333,-0.3270412315485835,-0.1208001173627453,0.0596459044740109,goldilocks,disinflationary_growth,disinflationary_growth,goldilocks,2026-02-01 00:00:00,slowdown,2026-03-01 00:00:00,goldilocks,2026-03-01 00:00:00,2026-03-20 06:33:54.103215,latest_available,as_of_mode|china_latest_date|china_regime|configured_weights|countries_available|countries_missing|coverage_ratio|coverage_warning|date|effective_weights|eurozone_latest_date|eurozone_regime|global_growth_score|global_inflation_score|global_investment_clock|global_liquidity_score|global_regime|global_valuation_score|investment_clock|run_timestamp|selected_mode|summary_date|us_latest_date|us_regime
last_common_date,2026-02-01,2026-02-01,"us,china,eurozone",,1.0,,"us:0.50,china:0.25,eurozone:0.25","us:0.50,china:0.25,eurozone:0.25",0.2469639128687572,-0.3360166117131855,0.0339092035081005,0.0821095615372002,goldilocks,disinflationary_growth,disinflationary_growth,goldilocks,2026-02-01 00:00:00,slowdown,2026-03-01 00:00:00,goldilocks,2026-03-01 00:00:00,2026-03-20 06:33:54.103215,last_common_date,as_of_mode|china_latest_date|china_regime|configured_weights|countries_available|countries_missing|coverage_ratio|coverage_warning|date|effective_weights|eurozone_latest_date|eurozone_regime|global_growth_score|global_inflation_score|global_investment_clock|global_liquidity_score|global_regime|global_valuation_score|investment_clock|run_timestamp|selected_mode|summary_date|us_latest_date|us_regime
latest_available,2026-03-01,2026-03-01,"us,china,eurozone",,1.0,,"us:0.50,china:0.25,eurozone:0.25","us:0.50,china:0.25,eurozone:0.25",0.1975329095956333,-0.3270412315485835,-0.1171325041683095,0.0996720211026994,goldilocks,disinflationary_growth,disinflationary_growth,goldilocks,2026-02-01 00:00:00,slowdown,2026-03-01 00:00:00,goldilocks,2026-03-01 00:00:00,2026-03-20 07:05:51.173708,latest_available,as_of_mode|china_latest_date|china_regime|configured_weights|countries_available|countries_missing|coverage_ratio|coverage_warning|date|effective_weights|eurozone_latest_date|eurozone_regime|global_growth_score|global_inflation_score|global_investment_clock|global_liquidity_score|global_regime|global_valuation_score|investment_clock|run_timestamp|selected_mode|summary_date|us_latest_date|us_regime
last_common_date,2026-02-01,2026-02-01,"us,china,eurozone",,1.0,,"us:0.50,china:0.25,eurozone:0.25","us:0.50,china:0.25,eurozone:0.25",0.2469639128687572,-0.3360166117131855,0.0251207605235579,0.124331014280142,goldilocks,disinflationary_growth,disinflationary_growth,goldilocks,2026-02-01 00:00:00,slowdown,2026-03-01 00:00:00,goldilocks,2026-03-01 00:00:00,2026-03-20 07:05:51.173708,last_common_date,as_of_mode|china_latest_date|china_regime|configured_weights|countries_available|countries_missing|coverage_ratio|coverage_warning|date|effective_weights|eurozone_latest_date|eurozone_regime|global_growth_score|global_inflation_score|global_investment_clock|global_liquidity_score|global_regime|global_valuation_score|investment_clock|run_timestamp|selected_mode|summary_date|us_latest_date|us_regime
latest_available,2026-03-01,2026-03-01,"us,china,eurozone",,1.0,,"us:0.50,china:0.25,eurozone:0.25","us:0.50,china:0.25,eurozone:0.25",0.1975329095956333,-0.3270412315485835,-0.1171325041683095,0.0996720211026994,goldilocks,disinflationary_growth,disinflationary_growth,goldilocks,2026-02-01 00:00:00,slowdown,2026-03-01 00:00:00,goldilocks,2026-03-01 00:00:00,2026-03-20 07:05:51.173760,latest_available,as_of_mode|china_latest_date|china_regime|configured_weights|countries_available|countries_missing|coverage_ratio|coverage_warning|date|effective_weights|eurozone_latest_date|eurozone_regime|global_growth_score|global_inflation_score|global_investment_clock|global_liquidity_score|global_regime|global_valuation_score|investment_clock|run_timestamp|selected_mode|summary_date|us_latest_date|us_regime
last_common_date,2026-02-01,2026-02-01,"us,china,eurozone",,1.0,,"us:0.50,china:0.25,eurozone:0.25","us:0.50,china:0.25,eurozone:0.25",0.2469639128687572,-0.3360166117131855,0.0251207605235579,0.124331014280142,goldilocks,disinflationary_growth,disinflationary_growth,goldilocks,2026-02-01 00:00:00,slowdown,2026-03-01 00:00:00,goldilocks,2026-03-01 00:00:00,2026-03-20 07:05:51.173760,last_common_date,as_of_mode|china_latest_date|china_regime|configured_weights|countries_available|countries_missing|coverage_ratio|coverage_warning|date|effective_weights|eurozone_latest_date|eurozone_regime|global_growth_score|global_inflation_score|global_investment_clock|global_liquidity_score|global_regime|global_valuation_score|investment_clock|run_timestamp|selected_mode|summary_date|us_latest_date|us_regime
latest_available,2026-03-01,2026-03-01,"us,china,eurozone",,1.0,,"us:0.50,china:0.25,eurozone:0.25","us:0.50,china:0.25,eurozone:0.25",0.1975329095956333,-0.3270412315485835,-0.1171325041683095,0.0996720211026994,goldilocks,disinflationary_growth,disinflationary_growth,goldilocks,2026-02-01 00:00:00,slowdown,2026-03-01 00:00:00,goldilocks,2026-03-01 00:00:00,2026-03-20 07:43:54.001484,latest_available,as_of_mode|china_latest_date|china_regime|configured_weights|countries_available|countries_missing|coverage_ratio|coverage_warning|date|effective_weights|eurozone_latest_date|eurozone_regime|global_growth_score|global_inflation_score|global_investment_clock|global_liquidity_score|global_regime|global_valuation_score|investment_clock|run_timestamp|selected_mode|summary_date|us_latest_date|us_regime
last_common_date,2026-02-01,2026-02-01,"us,china,eurozone",,1.0,,"us:0.50,china:0.25,eurozone:0.25","us:0.50,china:0.25,eurozone:0.25",0.2469639128687572,-0.3360166117131855,0.0251207605235579,0.124331014280142,goldilocks,disinflationary_growth,disinflationary_growth,goldilocks,2026-02-01 00:00:00,slowdown,2026-03-01 00:00:00,goldilocks,2026-03-01 00:00:00,2026-03-20 07:43:54.001484,last_common_date,as_of_mode|china_latest_date|china_regime|configured_weights|countries_available|countries_missing|coverage_ratio|coverage_warning|date|effective_weights|eurozone_latest_date|eurozone_regime|global_growth_score|global_inflation_score|global_investment_clock|global_liquidity_score|global_regime|global_valuation_score|investment_clock|run_timestamp|selected_mode|summary_date|us_latest_date|us_regime
latest_available,2026-03-01,2026-03-01,"us,china,eurozone",,1.0,,"us:0.50,china:0.25,eurozone:0.25","us:0.50,china:0.25,eurozone:0.25",0.1975329095956338,-0.3310417434751333,-0.1217160882990789,0.1010497116696926,goldilocks,disinflationary_growth,disinflationary_growth,goldilocks,2026-02-01 00:00:00,slowdown,2026-03-01 00:00:00,goldilocks,2026-03-01 00:00:00,2026-03-20 09:33:10.103030,latest_available,as_of_mode|china_latest_date|china_regime|configured_weights|countries_available|countries_missing|coverage_ratio|coverage_warning|date|effective_weights|eurozone_latest_date|eurozone_regime|global_growth_score|global_inflation_score|global_investment_clock|global_liquidity_score|global_regime|global_valuation_score|investment_clock|run_timestamp|selected_mode|summary_date|us_latest_date|us_regime
last_common_date,2026-02-01,2026-02-01,"us,china,eurozone",,1.0,,"us:0.50,china:0.25,eurozone:0.25","us:0.50,china:0.25,eurozone:0.25",0.2469639128687572,-0.339715411530136,0.0251207605235579,0.1242188524830138,goldilocks,disinflationary_growth,disinflationary_growth,goldilocks,2026-02-01 00:00:00,slowdown,2026-03-01 00:00:00,goldilocks,2026-03-01 00:00:00,2026-03-20 09:33:10.103030,last_common_date,as_of_mode|china_latest_date|china_regime|configured_weights|countries_available|countries_missing|coverage_ratio|coverage_warning|date|effective_weights|eurozone_latest_date|eurozone_regime|global_growth_score|global_inflation_score|global_investment_clock|global_liquidity_score|global_regime|global_valuation_score|investment_clock|run_timestamp|selected_mode|summary_date|us_latest_date|us_regime
latest_available,2026-03-01,2026-03-01,"us,china,eurozone",,1.0,,"us:0.50,china:0.25,eurozone:0.25","us:0.50,china:0.25,eurozone:0.25",0.1975329095956338,-0.3310417434751333,-0.1217160882990789,0.1010497116696926,goldilocks,disinflationary_growth,disinflationary_growth,goldilocks,2026-02-01 00:00:00,slowdown,2026-03-01 00:00:00,goldilocks,2026-03-01 00:00:00,2026-03-20 09:33:10.138312,latest_available,as_of_mode|china_latest_date|china_regime|configured_weights|countries_available|countries_missing|coverage_ratio|coverage_warning|date|effective_weights|eurozone_latest_date|eurozone_regime|global_growth_score|global_inflation_score|global_investment_clock|global_liquidity_score|global_regime|global_valuation_score|investment_clock|run_timestamp|selected_mode|summary_date|us_latest_date|us_regime
last_common_date,2026-02-01,2026-02-01,"us,china,eurozone",,1.0,,"us:0.50,china:0.25,eurozone:0.25","us:0.50,china:0.25,eurozone:0.25",0.2469639128687572,-0.339715411530136,0.0251207605235579,0.1242188524830138,goldilocks,disinflationary_growth,disinflationary_growth,goldilocks,2026-02-01 00:00:00,slowdown,2026-03-01 00:00:00,goldilocks,2026-03-01 00:00:00,2026-03-20 09:33:10.138312,last_common_date,as_of_mode|china_latest_date|china_regime|configured_weights|countries_available|countries_missing|coverage_ratio|coverage_warning|date|effective_weights|eurozone_latest_date|eurozone_regime|global_growth_score|global_inflation_score|global_investment_clock|global_liquidity_score|global_regime|global_valuation_score|investment_clock|run_timestamp|selected_mode|summary_date|us_latest_date|us_regime
latest_available,2026-03-01,2026-03-01,"us,china,eurozone",,1.0,,"us:0.50,china:0.25,eurozone:0.25","us:0.50,china:0.25,eurozone:0.25",0.1975329095956338,-0.3310417434751333,-0.1217160882990789,0.1010497116696926,goldilocks,disinflationary_growth,disinflationary_growth,goldilocks,2026-02-01 00:00:00,slowdown,2026-03-01 00:00:00,goldilocks,2026-03-01 00:00:00,2026-03-20 10:49:18.301917,latest_available,as_of_mode|china_latest_date|china_regime|configured_weights|countries_available|countries_missing|coverage_ratio|coverage_warning|date|effective_weights|eurozone_latest_date|eurozone_regime|global_growth_score|global_inflation_score|global_investment_clock|global_liquidity_score|global_regime|global_valuation_score|investment_clock|run_timestamp|selected_mode|summary_date|us_latest_date|us_regime
last_common_date,2026-02-01,2026-02-01,"us,china,eurozone",,1.0,,"us:0.50,china:0.25,eurozone:0.25","us:0.50,china:0.25,eurozone:0.25",0.2469639128687572,-0.339715411530136,0.0251207605235579,0.1242188524830138,goldilocks,disinflationary_growth,disinflationary_growth,goldilocks,2026-02-01 00:00:00,slowdown,2026-03-01 00:00:00,goldilocks,2026-03-01 00:00:00,2026-03-20 10:49:18.301917,last_common_date,as_of_mode|china_latest_date|china_regime|configured_weights|countries_available|countries_missing|coverage_ratio|coverage_warning|date|effective_weights|eurozone_latest_date|eurozone_regime|global_growth_score|global_inflation_score|global_investment_clock|global_liquidity_score|global_regime|global_valuation_score|investment_clock|run_timestamp|selected_mode|summary_date|us_latest_date|us_regime
latest_available,2026-03-01,2026-03-01,"us,china,eurozone",,1.0,,"us:0.50,china:0.25,eurozone:0.25","us:0.50,china:0.25,eurozone:0.25",0.1975329095956338,-0.3310417434751333,-0.1217160882990789,0.1010497116696926,goldilocks,disinflationary_growth,disinflationary_growth,goldilocks,2026-02-01 00:00:00,slowdown,2026-03-01 00:00:00,goldilocks,2026-03-01 00:00:00,2026-03-20 10:49:18.336419,latest_available,as_of_mode|china_latest_date|china_regime|configured_weights|countries_available|countries_missing|coverage_ratio|coverage_warning|date|effective_weights|eurozone_latest_date|eurozone_regime|global_growth_score|global_inflation_score|global_investment_clock|global_liquidity_score|global_regime|global_valuation_score|investment_clock|run_timestamp|selected_mode|summary_date|us_latest_date|us_regime
last_common_date,2026-02-01,2026-02-01,"us,china,eurozone",,1.0,,"us:0.50,china:0.25,eurozone:0.25","us:0.50,china:0.25,eurozone:0.25",0.2469639128687572,-0.339715411530136,0.0251207605235579,0.1242188524830138,goldilocks,disinflationary_growth,disinflationary_growth,goldilocks,2026-02-01 00:00:00,slowdown,2026-03-01 00:00:00,goldilocks,2026-03-01 00:00:00,2026-03-20 10:49:18.336419,last_common_date,as_of_mode|china_latest_date|china_regime|configured_weights|countries_available|countries_missing|coverage_ratio|coverage_warning|date|effective_weights|eurozone_latest_date|eurozone_regime|global_growth_score|global_inflation_score|global_investment_clock|global_liquidity_score|global_regime|global_valuation_score|investment_clock|run_timestamp|selected_mode|summary_date|us_latest_date|us_regime
latest_available,2026-03-01,2026-03-01,"us,china,eurozone",,1.0,,"us:0.50,china:0.25,eurozone:0.25","us:0.50,china:0.25,eurozone:0.25",0.1975329095956333,-0.3310417434751333,-0.121716088299079,-0.6357010961343099,goldilocks,disinflationary_growth,disinflationary_growth,goldilocks,2026-02-01 00:00:00,slowdown,2026-03-01 00:00:00,goldilocks,2026-03-01 00:00:00,2026-03-21 00:30:37.289865,latest_available,as_of_mode|china_latest_date|china_regime|configured_weights|countries_available|countries_missing|coverage_ratio|coverage_warning|date|effective_weights|eurozone_latest_date|eurozone_regime|global_growth_score|global_inflation_score|global_investment_clock|global_liquidity_score|global_regime|global_valuation_score|investment_clock|run_timestamp|selected_mode|summary_date|us_latest_date|us_regime
last_common_date,2026-02-01,2026-02-01,"us,china,eurozone",,1.0,,"us:0.50,china:0.25,eurozone:0.25","us:0.50,china:0.25,eurozone:0.25",0.2469639128687572,-0.339715411530136,0.0251207605235579,-0.6134545009107267,goldilocks,disinflationary_growth,disinflationary_growth,goldilocks,2026-02-01 00:00:00,slowdown,2026-03-01 00:00:00,goldilocks,2026-03-01 00:00:00,2026-03-21 00:30:37.289865,last_common_date,as_of_mode|china_latest_date|china_regime|configured_weights|countries_available|countries_missing|coverage_ratio|coverage_warning|date|effective_weights|eurozone_latest_date|eurozone_regime|global_growth_score|global_inflation_score|global_investment_clock|global_liquidity_score|global_regime|global_valuation_score|investment_clock|run_timestamp|selected_mode|summary_date|us_latest_date|us_regime
latest_available,2026-03-01,2026-03-01,"us,china,eurozone",,1.0,,"us:0.50,china:0.25,eurozone:0.25","us:0.50,china:0.25,eurozone:0.25",0.1975329095956333,-0.3310417434751333,-0.121716088299079,-0.6357010961343099,goldilocks,disinflationary_growth,disinflationary_growth,goldilocks,2026-02-01 00:00:00,slowdown,2026-03-01 00:00:00,goldilocks,2026-03-01 00:00:00,2026-03-21 00:30:37.319019,latest_available,as_of_mode|china_latest_date|china_regime|configured_weights|countries_available|countries_missing|coverage_ratio|coverage_warning|date|effective_weights|eurozone_latest_date|eurozone_regime|global_growth_score|global_inflation_score|global_investment_clock|global_liquidity_score|global_regime|global_valuation_score|investment_clock|run_timestamp|selected_mode|summary_date|us_latest_date|us_regime
last_common_date,2026-02-01,2026-02-01,"us,china,eurozone",,1.0,,"us:0.50,china:0.25,eurozone:0.25","us:0.50,china:0.25,eurozone:0.25",0.2469639128687572,-0.339715411530136,0.0251207605235579,-0.6134545009107267,goldilocks,disinflationary_growth,disinflationary_growth,goldilocks,2026-02-01 00:00:00,slowdown,2026-03-01 00:00:00,goldilocks,2026-03-01 00:00:00,2026-03-21 00:30:37.319019,last_common_date,as_of_mode|china_latest_date|china_regime|configured_weights|countries_available|countries_missing|coverage_ratio|coverage_warning|date|effective_weights|eurozone_latest_date|eurozone_regime|global_growth_score|global_inflation_score|global_investment_clock|global_liquidity_score|global_regime|global_valuation_score|investment_clock|run_timestamp|selected_mode|summary_date|us_latest_date|us_regime
latest_available,2026-03-01,2026-03-01,"us,china,eurozone",,1.0,,"us:0.50,china:0.25,eurozone:0.25","us:0.50,china:0.25,eurozone:0.25",0.1975329095956333,-0.3310417434751333,-0.121716088299079,-0.6357010961343099,goldilocks,disinflationary_growth,disinflationary_growth,goldilocks,2026-02-01 00:00:00,slowdown,2026-03-01 00:00:00,goldilocks,2026-03-01 00:00:00,2026-03-21 04:57:04.354044,latest_available,as_of_mode|china_latest_date|china_regime|configured_weights|countries_available|countries_missing|coverage_ratio|coverage_warning|date|effective_weights|eurozone_latest_date|eurozone_regime|global_growth_score|global_inflation_score|global_investment_clock|global_liquidity_score|global_regime|global_valuation_score|investment_clock|run_timestamp|selected_mode|summary_date|us_latest_date|us_regime
last_common_date,2026-02-01,2026-02-01,"us,china,eurozone",,1.0,,"us:0.50,china:0.25,eurozone:0.25","us:0.50,china:0.25,eurozone:0.25",0.2469639128687572,-0.339715411530136,0.0251207605235579,-0.6134545009107267,goldilocks,disinflationary_growth,disinflationary_growth,goldilocks,2026-02-01 00:00:00,slowdown,2026-03-01 00:00:00,goldilocks,2026-03-01 00:00:00,2026-03-21 04:57:04.354044,last_common_date,as_of_mode|china_latest_date|china_regime|configured_weights|countries_available|countries_missing|coverage_ratio|coverage_warning|date|effective_weights|eurozone_latest_date|eurozone_regime|global_growth_score|global_inflation_score|global_investment_clock|global_liquidity_score|global_regime|global_valuation_score|investment_clock|run_timestamp|selected_mode|summary_date|us_latest_date|us_regime
latest_available,2026-03-01,2026-03-01,"us,china,eurozone",,1.0,,"us:0.50,china:0.25,eurozone:0.25","us:0.50,china:0.25,eurozone:0.25",0.1975329095956333,-0.3310417434751333,-0.121716088299079,-0.6357010961343099,goldilocks,disinflationary_growth,disinflationary_growth,goldilocks,2026-02-01 00:00:00,slowdown,2026-03-01 00:00:00,goldilocks,2026-03-01 00:00:00,2026-03-21 04:57:04.388988,latest_available,as_of_mode|china_latest_date|china_regime|configured_weights|countries_available|countries_missing|coverage_ratio|coverage_warning|date|effective_weights|eurozone_latest_date|eurozone_regime|global_growth_score|global_inflation_score|global_investment_clock|global_liquidity_score|global_regime|global_valuation_score|investment_clock|run_timestamp|selected_mode|summary_date|us_latest_date|us_regime
last_common_date,2026-02-01,2026-02-01,"us,china,eurozone",,1.0,,"us:0.50,china:0.25,eurozone:0.25","us:0.50,china:0.25,eurozone:0.25",0.2469639128687572,-0.339715411530136,0.0251207605235579,-0.6134545009107267,goldilocks,disinflationary_growth,disinflationary_growth,goldilocks,2026-02-01 00:00:00,slowdown,2026-03-01 00:00:00,goldilocks,2026-03-01 00:00:00,2026-03-21 04:57:04.388988,last_common_date,as_of_mode|china_latest_date|china_regime|configured_weights|countries_available|countries_missing|coverage_ratio|coverage_warning|date|effective_weights|eurozone_latest_date|eurozone_regime|global_growth_score|global_inflation_score|global_investment_clock|global_liquidity_score|global_regime|global_valuation_score|investment_clock|run_timestamp|selected_mode|summary_date|us_latest_date|us_regime
latest_available,2026-03-01,2026-03-01,"us,china,eurozone",,1.0,,"us:0.50,china:0.25,eurozone:0.25","us:0.50,china:0.25,eurozone:0.25",0.1975329095956333,-0.3310417434751333,-0.121716088299079,-0.6357010961343099,goldilocks,disinflationary_growth,disinflationary_growth,goldilocks,2026-02-01 00:00:00,slowdown,2026-03-01 00:00:00,goldilocks,2026-03-01 00:00:00,2026-03-21 05:00:57.493788,latest_available,as_of_mode|china_latest_date|china_regime|configured_weights|countries_available|countries_missing|coverage_ratio|coverage_warning|date|effective_weights|eurozone_latest_date|eurozone_regime|global_growth_score|global_inflation_score|global_investment_clock|global_liquidity_score|global_regime|global_valuation_score|investment_clock|run_timestamp|selected_mode|summary_date|us_latest_date|us_regime
last_common_date,2026-02-01,2026-02-01,"us,china,eurozone",,1.0,,"us:0.50,china:0.25,eurozone:0.25","us:0.50,china:0.25,eurozone:0.25",0.2469639128687572,-0.339715411530136,0.0251207605235579,-0.6134545009107267,goldilocks,disinflationary_growth,disinflationary_growth,goldilocks,2026-02-01 00:00:00,slowdown,2026-03-01 00:00:00,goldilocks,2026-03-01 00:00:00,2026-03-21 05:00:57.493788,last_common_date,as_of_mode|china_latest_date|china_regime|configured_weights|countries_available|countries_missing|coverage_ratio|coverage_warning|date|effective_weights|eurozone_latest_date|eurozone_regime|global_growth_score|global_inflation_score|global_investment_clock|global_liquidity_score|global_regime|global_valuation_score|investment_clock|run_timestamp|selected_mode|summary_date|us_latest_date|us_regime
latest_available,2026-03-01,2026-03-01,"us,china,eurozone",,1.0,,"us:0.50,china:0.25,eurozone:0.25","us:0.50,china:0.25,eurozone:0.25",0.1975329095956333,-0.3310417434751333,-0.121716088299079,-0.6357010961343099,goldilocks,disinflationary_growth,disinflationary_growth,goldilocks,2026-02-01 00:00:00,slowdown,2026-03-01 00:00:00,goldilocks,2026-03-01 00:00:00,2026-03-21 05:00:57.524781,latest_available,as_of_mode|china_latest_date|china_regime|configured_weights|countries_available|countries_missing|coverage_ratio|coverage_warning|date|effective_weights|eurozone_latest_date|eurozone_regime|global_growth_score|global_inflation_score|global_investment_clock|global_liquidity_score|global_regime|global_valuation_score|investment_clock|run_timestamp|selected_mode|summary_date|us_latest_date|us_regime
last_common_date,2026-02-01,2026-02-01,"us,china,eurozone",,1.0,,"us:0.50,china:0.25,eurozone:0.25","us:0.50,china:0.25,eurozone:0.25",0.24696391286875724,-0.339715411530136,0.02512076052355796,-0.6134545009107267,goldilocks,disinflationary_growth,disinflationary_growth,goldilocks,2026-02-01 00:00:00,slowdown,2026-03-01 00:00:00,goldilocks,2026-03-01 00:00:00,2026-03-21 05:00:57.524781,last_common_date,as_of_mode|china_latest_date|china_regime|configured_weights|countries_available|countries_missing|coverage_ratio|coverage_warning|date|effective_weights|eurozone_latest_date|eurozone_regime|global_growth_score|global_inflation_score|global_investment_clock|global_liquidity_score|global_regime|global_valuation_score|investment_clock|run_timestamp|selected_mode|summary_date|us_latest_date|us_regime
